date,max_temp_C,min_temp_C,mean_temp_C
2019-12-31 18:00:00,25.6,14.1,19.410418
2020-01-01 18:00:00,26.2,15.2,20.293753
2020-01-02 18:00:00,21.25,16.25,18.039585
2020-01-03 18:00:00,22.4,15.0,17.689583
2020-01-04 18:00:00,20.95,14.05,17.050001
2020-01-05 18:00:00,21.2,11.95,15.887501
2020-01-06 18:00:00,21.25,10.7,15.4104185
2020-01-07 18:00:00,22.2,11.05,16.206251
2020-01-08 18:00:00,21.65,15.35,17.843748
2020-01-09 18:00:00,22.85,12.9,17.389582
2020-01-10 18:00:00,21.9,12.45,16.627085
2020-01-11 18:00:00,22.75,13.05,16.887499
2020-01-12 18:00:00,22.4,12.05,16.274998
2020-01-13 18:00:00,23.25,12.1,17.133333
2020-01-14 18:00:00,24.3,12.3,17.672916
2020-01-15 18:00:00,25.45,13.3,18.725
2020-01-16 18:00:00,27.0,14.45,19.764585
2020-01-17 18:00:00,26.7,14.5,19.918749
2020-01-18 18:00:00,26.6,15.0,20.716665
2020-01-19 18:00:00,23.0,13.45,18.243752
2020-01-20 18:00:00,22.3,11.05,15.958335
2020-01-21 18:00:00,23.15,10.65,16.706251
2020-01-22 18:00:00,20.15,12.55,16.00625
2020-01-23 18:00:00,22.55,12.3,16.529165
2020-01-24 18:00:00,22.3,10.0,15.527083
2020-01-25 18:00:00,22.1,10.5,15.720834
2020-01-26 18:00:00,22.75,11.85,16.585417
2020-01-27 18:00:00,23.6,11.05,17.804167
2020-01-28 18:00:00,22.5,14.05,17.818748
2020-01-29 18:00:00,24.5,15.75,19.141666
2020-01-30 18:00:00,24.7,15.0,18.954168
2020-01-31 18:00:00,24.1,11.9,17.468752
2020-02-01 18:00:00,22.7,11.6,16.5
2020-02-02 18:00:00,22.8,9.8,15.875001
2020-02-03 18:00:00,23.6,10.0,16.645832
2020-02-04 18:00:00,24.55,14.15,19.054167
2020-02-05 18:00:00,25.35,12.8,18.7625
2020-02-06 18:00:00,24.3,12.95,18.883333
2020-02-07 18:00:00,23.1,13.5,18.920835
2020-02-08 18:00:00,25.95,14.6,19.787498
2020-02-09 18:00:00,25.6,13.6,18.927084
2020-02-10 18:00:00,25.85,12.75,18.793749
2020-02-11 18:00:00,26.2,13.55,19.214584
2020-02-12 18:00:00,25.85,11.9,18.627085
2020-02-13 18:00:00,26.3,13.7,20.245832
2020-02-14 18:00:00,27.75,16.8,21.629168
2020-02-15 18:00:00,27.7,15.6,20.993752
2020-02-16 18:00:00,28.0,14.8,20.88125
2020-02-17 18:00:00,27.85,15.25,21.939585
2020-02-18 18:00:00,27.95,14.7,22.106253
2020-02-19 18:00:00,28.0,15.8,21.69792
2020-02-20 18:00:00,29.5,15.85,22.2125
2020-02-21 18:00:00,29.8,15.4,22.608332
2020-02-22 18:00:00,30.3,16.35,22.887497
2020-02-23 18:00:00,29.3,16.85,23.002083
2020-02-24 18:00:00,26.45,17.45,20.820833
2020-02-25 18:00:00,25.25,15.95,20.120832
2020-02-26 18:00:00,25.6,16.55,20.564585
2020-02-27 18:00:00,28.1,15.05,21.19375
2020-02-28 18:00:00,29.1,15.05,21.695837
2020-02-29 18:00:00,30.35,16.2,23.01042
2020-03-01 18:00:00,30.45,18.35,24.327085
2020-03-02 18:00:00,29.35,19.1,23.93125
2020-03-03 18:00:00,28.3,19.3,23.131248
2020-03-04 18:00:00,28.5,18.5,23.697916
2020-03-05 18:00:00,25.9,19.0,22.670832
2020-03-06 18:00:00,24.9,19.25,21.766668
2020-03-07 18:00:00,28.2,18.85,22.406252
2020-03-08 18:00:00,28.6,17.45,22.36042
2020-03-09 18:00:00,29.25,15.65,22.112501
2020-03-10 18:00:00,30.15,17.85,24.116669
2020-03-11 18:00:00,32.15,20.3,26.206251
2020-03-12 18:00:00,33.8,20.6,27.052084
2020-03-13 18:00:00,34.1,21.4,26.897917
2020-03-14 18:00:00,31.95,19.8,25.312498
2020-03-15 18:00:00,32.3,20.1,25.829165
2020-03-16 18:00:00,31.75,19.45,25.579168
2020-03-17 18:00:00,31.65,20.25,25.6625
2020-03-18 18:00:00,32.0,18.2,25.279167
2020-03-19 18:00:00,29.65,21.15,25.520834
2020-03-20 18:00:00,31.7,19.8,25.958336
2020-03-21 18:00:00,29.35,19.75,24.385414
2020-03-22 18:00:00,29.8,18.8,24.518751
2020-03-23 18:00:00,30.7,20.4,25.477083
2020-03-24 18:00:00,32.9,20.3,27.30625
2020-03-25 18:00:00,34.4,21.25,28.372915
2020-03-26 18:00:00,36.6,21.75,29.079168
2020-03-27 18:00:00,36.35,21.75,29.36458
2020-03-28 18:00:00,35.15,22.5,28.493752
2020-03-29 18:00:00,34.8,19.8,27.708334
2020-03-30 18:00:00,35.0,19.4,27.312502
2020-03-31 18:00:00,35.6,19.65,27.98958
2020-04-01 18:00:00,36.0,23.7,29.131248
2020-04-02 18:00:00,36.7,24.65,29.106249
2020-04-03 18:00:00,35.7,22.75,28.704168
2020-04-04 18:00:00,35.15,23.7,28.406252
2020-04-05 18:00:00,35.55,23.9,29.20208
2020-04-06 18:00:00,37.45,24.0,30.289581
2020-04-07 18:00:00,35.0,24.5,29.083334
2020-04-08 18:00:00,35.1,24.0,28.8375
2020-04-09 18:00:00,35.4,22.45,29.260414
2020-04-10 18:00:00,35.05,24.05,29.122915
2020-04-11 18:00:00,34.5,21.45,27.279165
2020-04-12 18:00:00,34.45,22.65,28.731247
2020-04-13 18:00:00,34.65,24.2,29.512497
2020-04-14 18:00:00,34.2,23.6,28.158333
2020-04-15 18:00:00,33.25,22.65,28.206251
2020-04-16 18:00:00,33.4,22.3,27.087503
2020-04-17 18:00:00,33.1,23.7,26.854164
2020-04-18 18:00:00,34.15,23.25,28.372915
2020-04-19 18:00:00,33.55,22.85,27.887499
2020-04-20 18:00:00,31.4,22.3,25.766665
2020-04-21 18:00:00,28.4,21.55,24.920832
2020-04-22 18:00:00,28.2,22.45,24.770834
2020-04-23 18:00:00,29.0,22.85,24.660414
2020-04-24 18:00:00,28.4,21.95,24.539583
2020-04-25 18:00:00,28.4,21.75,24.777079
2020-04-26 18:00:00,30.1,21.4,25.562502
2020-04-27 18:00:00,28.3,22.6,24.652082
2020-04-28 18:00:00,27.7,21.75,24.779167
2020-04-29 18:00:00,29.25,21.8,25.545832
2020-04-30 18:00:00,29.0,23.0,25.760416
2020-05-01 18:00:00,28.65,22.7,25.65
2020-05-02 18:00:00,29.3,22.35,25.74792
2020-05-03 18:00:00,30.45,23.35,27.135416
2020-05-04 18:00:00,31.75,24.9,28.183332
2020-05-05 18:00:00,30.65,24.15,26.995834
2020-05-06 18:00:00,32.35,22.65,27.454168
2020-05-07 18:00:00,31.7,22.4,27.295832
2020-05-08 18:00:00,32.2,24.45,28.191668
2020-05-09 18:00:00,32.6,24.75,28.658333
2020-05-10 18:00:00,33.35,26.2,29.466665
2020-05-11 18:00:00,33.9,26.25,29.752083
2020-05-12 18:00:00,32.15,24.15,28.397919
2020-05-13 18:00:00,32.55,24.3,28.574997
2020-05-14 18:00:00,31.0,26.1,27.762503
2020-05-15 18:00:00,34.0,25.55,29.627085
2020-05-16 18:00:00,33.9,25.55,29.75625
2020-05-17 18:00:00,33.85,25.85,29.575003
2020-05-18 18:00:00,30.3,25.95,28.060415
2020-05-19 18:00:00,30.4,24.05,26.9375
2020-05-20 18:00:00,30.15,25.8,27.191666
2020-05-21 18:00:00,31.4,24.5,27.560415
2020-05-22 18:00:00,32.6,26.45,29.36667
2020-05-23 18:00:00,32.9,26.0,28.993746
2020-05-24 18:00:00,32.35,27.1,29.335419
2020-05-25 18:00:00,33.0,27.05,29.170832
2020-05-26 18:00:00,31.65,24.8,27.756248
2020-05-27 18:00:00,29.8,22.6,26.52083
2020-05-28 18:00:00,29.55,23.55,26.031248
2020-05-29 18:00:00,29.95,23.0,26.720835
2020-05-30 18:00:00,31.4,25.2,27.954168
2020-05-31 18:00:00,31.9,25.15,28.481253
2020-06-01 18:00:00,31.8,26.5,28.59375
2020-06-02 18:00:00,29.55,26.55,27.872917
2020-06-03 18:00:00,30.35,26.3,27.902082
2020-06-04 18:00:00,32.15,26.1,28.595835
2020-06-05 18:00:00,30.25,27.05,28.397919
2020-06-06 18:00:00,32.2,25.8,28.685417
2020-06-07 18:00:00,31.9,26.35,28.658335
2020-06-08 18:00:00,33.0,26.2,29.88959
2020-06-09 18:00:00,31.15,27.0,28.597918
2020-06-10 18:00:00,30.95,25.75,27.839582
2020-06-11 18:00:00,29.8,25.85,27.40625
2020-06-12 18:00:00,29.75,26.15,27.460417
2020-06-13 18:00:00,31.1,25.85,28.327085
2020-06-14 18:00:00,30.55,26.5,28.102083
2020-06-15 18:00:00,31.4,26.25,27.945833
2020-06-16 18:00:00,27.4,25.55,26.362501
2020-06-17 18:00:00,30.5,25.6,27.21667
2020-06-18 18:00:00,29.6,25.4,27.093752
2020-06-19 18:00:00,30.35,26.15,28.329163
2020-06-20 18:00:00,31.3,25.95,27.724998
2020-06-21 18:00:00,31.1,25.8,28.295832
2020-06-22 18:00:00,31.35,26.5,28.554169
2020-06-23 18:00:00,32.85,26.65,29.331253
2020-06-24 18:00:00,33.1,27.05,29.635424
2020-06-25 18:00:00,31.75,27.05,29.133333
2020-06-26 18:00:00,29.3,26.8,27.97917
2020-06-27 18:00:00,30.05,25.55,27.054169
2020-06-28 18:00:00,30.3,25.85,27.633333
2020-06-29 18:00:00,31.5,25.95,28.331253
2020-06-30 18:00:00,32.4,26.3,29.020836
2020-07-01 18:00:00,32.1,27.05,29.366667
2020-07-02 18:00:00,32.85,26.9,29.606245
2020-07-03 18:00:00,30.75,27.1,28.543749
2020-07-04 18:00:00,29.8,26.2,27.535416
2020-07-05 18:00:00,30.95,26.0,27.958334
2020-07-06 18:00:00,31.45,26.5,28.393751
2020-07-07 18:00:00,30.65,26.0,28.491667
2020-07-08 18:00:00,31.15,25.9,28.300001
2020-07-09 18:00:00,30.9,26.1,28.59375
2020-07-10 18:00:00,29.6,26.65,27.810417
2020-07-11 18:00:00,30.4,25.45,27.135416
2020-07-12 18:00:00,30.65,25.7,27.68125
2020-07-13 18:00:00,30.2,25.7,27.993752
2020-07-14 18:00:00,31.85,26.4,28.385414
2020-07-15 18:00:00,32.0,26.0,28.754166
2020-07-16 18:00:00,32.4,26.4,28.752083
2020-07-17 18:00:00,31.8,26.85,28.795835
2020-07-18 18:00:00,32.35,26.7,28.975
2020-07-19 18:00:00,29.4,25.9,27.64583
2020-07-20 18:00:00,29.85,25.7,27.385416
2020-07-21 18:00:00,29.75,24.95,26.679167
2020-07-22 18:00:00,31.05,25.5,27.631248
2020-07-23 18:00:00,29.8,25.85,27.464582
2020-07-24 18:00:00,31.75,25.55,28.675001
2020-07-25 18:00:00,33.15,26.55,29.789581
2020-07-26 18:00:00,31.25,27.15,29.137497
2020-07-27 18:00:00,31.45,26.8,28.456247
2020-07-28 18:00:00,31.15,26.15,27.935417
2020-07-29 18:00:00,31.95,26.5,28.65625
2020-07-30 18:00:00,32.75,26.55,29.391672
2020-07-31 18:00:00,32.65,26.85,29.570831
2020-08-01 18:00:00,33.2,27.25,29.987497
2020-08-02 18:00:00,33.45,27.8,30.856247
2020-08-03 18:00:00,33.75,27.75,29.741669
2020-08-04 18:00:00,32.0,26.55,28.589579
2020-08-05 18:00:00,32.25,26.1,28.420835
2020-08-06 18:00:00,31.5,26.6,28.804169
2020-08-07 18:00:00,32.15,26.45,29.099998
2020-08-08 18:00:00,31.65,26.65,29.043747
2020-08-09 18:00:00,32.15,26.8,29.258333
2020-08-10 18:00:00,31.8,26.7,28.677086
2020-08-11 18:00:00,32.25,26.55,29.008331
2020-08-12 18:00:00,33.25,26.7,29.427088
2020-08-13 18:00:00,32.8,27.1,29.53333
2020-08-14 18:00:00,30.85,26.65,28.025002
2020-08-15 18:00:00,30.7,25.6,27.745836
2020-08-16 18:00:00,30.75,25.75,27.539581
2020-08-17 18:00:00,31.05,25.9,27.8375
2020-08-18 18:00:00,29.35,25.2,26.877085
2020-08-19 18:00:00,26.6,25.4,26.022917
2020-08-20 18:00:00,28.4,25.1,26.254171
2020-08-21 18:00:00,29.35,24.85,26.491667
2020-08-22 18:00:00,31.35,25.0,27.57917
2020-08-23 18:00:00,31.95,25.15,28.662497
2020-08-24 18:00:00,33.45,26.15,28.393751
2020-08-25 18:00:00,30.1,25.95,27.581253
2020-08-26 18:00:00,30.35,26.15,27.75
2020-08-27 18:00:00,30.55,25.75,27.743752
2020-08-28 18:00:00,32.5,26.05,29.004168
2020-08-29 18:00:00,32.55,26.7,29.254166
2020-08-30 18:00:00,31.75,26.8,29.089584
2020-08-31 18:00:00,28.7,25.75,27.135416
2020-09-01 18:00:00,31.55,25.45,28.072914
2020-09-02 18:00:00,32.35,25.15,28.893747
2020-09-03 18:00:00,33.5,26.35,29.752085
2020-09-04 18:00:00,33.25,27.25,29.9375
2020-09-05 18:00:00,33.2,26.75,29.6
2020-09-06 18:00:00,33.1,26.6,29.120834
2020-09-07 18:00:00,32.2,26.55,29.279167
2020-09-08 18:00:00,31.85,27.0,28.945831
2020-09-09 18:00:00,31.05,26.25,28.222918
2020-09-10 18:00:00,31.75,26.3,28.522917
2020-09-11 18:00:00,30.8,26.45,28.510416
2020-09-12 18:00:00,31.6,26.45,28.668747
2020-09-13 18:00:00,31.5,26.45,28.39792
2020-09-14 18:00:00,30.9,26.15,27.947916
2020-09-15 18:00:00,31.7,26.05,28.162498
2020-09-16 18:00:00,31.85,26.3,28.629168
2020-09-17 18:00:00,31.85,26.5,29.156248
2020-09-18 18:00:00,34.7,26.5,30.456247
2020-09-19 18:00:00,33.85,27.9,30.189585
2020-09-20 18:00:00,30.8,26.25,27.693748
2020-09-21 18:00:00,29.9,25.7,27.245832
2020-09-22 18:00:00,29.1,25.95,27.247915
2020-09-23 18:00:00,28.6,25.4,26.647917
2020-09-24 18:00:00,30.4,25.4,27.656248
2020-09-25 18:00:00,30.5,26.0,27.42708
2020-09-26 18:00:00,29.65,25.55,27.441664
2020-09-27 18:00:00,32.65,25.75,28.575003
2020-09-28 18:00:00,32.15,25.8,28.310411
2020-09-29 18:00:00,31.75,26.2,28.345833
2020-09-30 18:00:00,31.15,25.45,28.01042
2020-10-01 18:00:00,31.4,25.9,27.945831
2020-10-02 18:00:00,31.85,25.9,28.331251
2020-10-03 18:00:00,31.6,25.75,28.508333
2020-10-04 18:00:00,30.35,25.95,27.677084
2020-10-05 18:00:00,29.75,25.7,27.343752
2020-10-06 18:00:00,31.25,25.65,27.687498
2020-10-07 18:00:00,32.0,25.7,28.981255
2020-10-08 18:00:00,33.2,26.35,29.550001
2020-10-09 18:00:00,33.3,26.6,30.031248
2020-10-10 18:00:00,32.7,26.6,29.795832
2020-10-11 18:00:00,32.55,26.6,29.485415
2020-10-12 18:00:00,33.2,26.65,30.047915
2020-10-13 18:00:00,32.8,26.25,29.283333
2020-10-14 18:00:00,32.75,26.1,29.408333
2020-10-15 18:00:00,33.45,26.55,29.589582
2020-10-16 18:00:00,33.9,24.8,29.535416
2020-10-17 18:00:00,31.9,25.75,28.56458
2020-10-18 18:00:00,31.75,26.3,28.264587
2020-10-19 18:00:00,31.95,25.45,28.281248
2020-10-20 18:00:00,31.75,26.25,28.187498
2020-10-21 18:00:00,27.05,24.1,25.454165
2020-10-22 18:00:00,26.0,23.75,24.745832
2020-10-23 18:00:00,28.35,23.8,25.583336
2020-10-24 18:00:00,30.15,23.65,26.472916
2020-10-25 18:00:00,30.6,23.25,27.133333
2020-10-26 18:00:00,30.55,23.0,27.145834
2020-10-27 18:00:00,31.15,22.85,26.839582
2020-10-28 18:00:00,31.9,23.2,27.593748
2020-10-29 18:00:00,33.4,24.5,28.518747
2020-10-30 18:00:00,28.95,25.2,26.622917
2020-10-31 18:00:00,30.35,24.25,26.243752
2020-11-01 18:00:00,30.05,22.8,26.152084
2020-11-02 18:00:00,29.6,23.6,26.568754
2020-11-03 18:00:00,30.15,23.15,25.972918
2020-11-04 18:00:00,29.3,18.75,23.908333
2020-11-05 18:00:00,28.25,16.6,21.808336
2020-11-06 18:00:00,28.45,16.4,22.0
2020-11-07 18:00:00,30.25,17.25,23.447916
2020-11-08 18:00:00,30.45,18.5,23.947914
2020-11-09 18:00:00,30.95,19.4,24.495834
2020-11-10 18:00:00,31.2,19.6,24.702082
2020-11-11 18:00:00,31.15,18.4,24.577082
2020-11-12 18:00:00,31.15,19.25,24.781248
2020-11-13 18:00:00,30.7,19.15,24.341667
2020-11-14 18:00:00,30.15,18.85,23.929169
2020-11-15 18:00:00,29.45,19.45,23.731253
2020-11-16 18:00:00,29.75,18.95,23.841665
2020-11-17 18:00:00,29.55,18.0,23.414583
2020-11-18 18:00:00,29.15,19.55,24.118752
2020-11-19 18:00:00,29.1,20.3,24.6625
2020-11-20 18:00:00,25.8,20.85,23.125002
2020-11-21 18:00:00,26.7,17.4,21.931252
2020-11-22 18:00:00,26.65,14.25,19.783333
2020-11-23 18:00:00,26.85,14.15,20.095835
2020-11-24 18:00:00,27.65,14.1,20.333332
2020-11-25 18:00:00,28.05,14.6,20.8625
2020-11-26 18:00:00,27.9,16.15,21.768751
2020-11-27 18:00:00,28.4,17.45,22.316668
2020-11-28 18:00:00,28.35,16.35,21.6875
2020-11-29 18:00:00,28.05,15.3,21.06042
2020-11-30 18:00:00,28.25,15.4,21.345833
2020-12-01 18:00:00,28.05,16.35,22.108332
2020-12-02 18:00:00,27.5,17.55,22.458334
2020-12-03 18:00:00,27.2,17.45,22.510416
2020-12-04 18:00:00,26.9,16.3,22.114584
2020-12-05 18:00:00,27.15,16.35,21.385416
2020-12-06 18:00:00,27.4,16.4,21.395834
2020-12-07 18:00:00,26.8,15.9,20.814583
2020-12-08 18:00:00,24.75,15.5,20.050001
2020-12-09 18:00:00,25.55,14.9,20.30625
2020-12-10 18:00:00,25.3,14.7,19.89375
2020-12-11 18:00:00,24.55,14.55,19.058332
2020-12-12 18:00:00,24.7,15.05,19.760418
2020-12-13 18:00:00,25.3,14.9,19.466665
2020-12-14 18:00:00,25.1,15.55,19.627085
2020-12-15 18:00:00,25.6,16.05,19.920835
2020-12-16 18:00:00,25.15,14.85,19.097916
2020-12-17 18:00:00,23.05,13.45,17.8375
2020-12-18 18:00:00,22.25,9.6,15.631251
2020-12-19 18:00:00,22.55,10.9,15.914584
2020-12-20 18:00:00,22.45,11.35,15.827083
2020-12-21 18:00:00,23.5,11.35,16.725
2020-12-22 18:00:00,24.25,12.1,17.68125
2020-12-23 18:00:00,24.55,12.6,18.241667
2020-12-24 18:00:00,24.6,12.7,17.985418
2020-12-25 18:00:00,24.6,11.85,17.539585
2020-12-26 18:00:00,23.65,11.45,16.73125
2020-12-27 18:00:00,24.2,11.45,17.022917
2020-12-28 18:00:00,24.05,11.15,17.062498
2020-12-29 18:00:00,24.75,13.0,18.095835
2020-12-30 18:00:00,25.05,11.95,17.956251
2020-12-31 18:00:00,24.8,12.0,17.96875
2021-01-01 18:00:00,24.95,12.0,17.93125
2021-01-02 18:00:00,25.4,12.5,18.31875
2021-01-03 18:00:00,26.15,13.4,19.135416
2021-01-04 18:00:00,27.05,14.35,19.812498
2021-01-05 18:00:00,27.9,14.55,20.597916
2021-01-06 18:00:00,28.65,16.1,21.743752
2021-01-07 18:00:00,28.25,16.2,21.370834
2021-01-08 18:00:00,27.5,15.45,20.935415
2021-01-09 18:00:00,27.8,16.7,21.764582
2021-01-10 18:00:00,27.6,19.05,22.622915
2021-01-11 18:00:00,26.45,15.65,20.427086
2021-01-12 18:00:00,24.4,13.5,18.802082
2021-01-13 18:00:00,24.65,14.45,19.008333
2021-01-14 18:00:00,23.8,12.75,17.554167
2021-01-15 18:00:00,23.3,11.7,17.095833
2021-01-16 18:00:00,23.15,11.55,16.995832
2021-01-17 18:00:00,23.15,12.3,16.656252
2021-01-18 18:00:00,24.25,13.05,18.377087
2021-01-19 18:00:00,22.8,16.25,19.425
2021-01-20 18:00:00,24.3,15.45,18.745832
2021-01-21 18:00:00,23.45,12.2,17.410416
2021-01-22 18:00:00,22.65,11.75,17.070833
2021-01-23 18:00:00,23.8,13.35,18.541666
2021-01-24 18:00:00,24.65,12.45,17.808332
2021-01-25 18:00:00,24.1,12.4,17.449999
2021-01-26 18:00:00,22.8,11.6,16.291668
2021-01-27 18:00:00,22.85,10.5,15.725001
2021-01-28 18:00:00,23.75,11.1,16.877083
2021-01-29 18:00:00,22.5,13.4,17.260416
2021-01-30 18:00:00,20.75,8.55,14.489582
2021-01-31 18:00:00,21.45,8.6,14.385418
2021-02-01 18:00:00,23.15,9.1,15.568748
2021-02-02 18:00:00,24.35,10.4,16.731249
2021-02-03 18:00:00,25.55,12.15,18.222916
2021-02-04 18:00:00,26.35,12.5,18.835417
2021-02-05 18:00:00,26.4,13.95,19.875
2021-02-06 18:00:00,23.05,14.8,18.481249
2021-02-07 18:00:00,26.15,13.75,19.025
2021-02-08 18:00:00,27.0,13.0,18.897917
2021-02-09 18:00:00,26.75,12.25,19.266665
2021-02-10 18:00:00,26.7,13.8,20.1625
2021-02-11 18:00:00,27.2,14.2,20.443752
2021-02-12 18:00:00,27.8,13.5,19.845835
2021-02-13 18:00:00,27.6,14.6,20.366667
2021-02-14 18:00:00,28.05,15.3,21.910421
2021-02-15 18:00:00,27.95,15.65,21.272917
2021-02-16 18:00:00,28.6,15.75,21.491667
2021-02-17 18:00:00,28.65,15.85,21.966667
2021-02-18 18:00:00,28.9,16.2,22.356249
2021-02-19 18:00:00,27.9,18.35,22.070833
2021-02-20 18:00:00,29.25,15.45,21.956251
2021-02-21 18:00:00,29.6,14.6,21.53125
2021-02-22 18:00:00,29.75,14.7,21.860418
2021-02-23 18:00:00,29.9,17.05,22.983332
2021-02-24 18:00:00,30.9,19.0,24.39583
2021-02-25 18:00:00,31.9,19.6,25.039583
2021-02-26 18:00:00,32.4,19.55,25.6625
2021-02-27 18:00:00,32.5,20.8,25.908333
2021-02-28 18:00:00,31.55,20.95,25.658333
2021-03-01 18:00:00,31.55,19.45,25.514585
2021-03-02 18:00:00,31.3,20.1,25.164581
2021-03-03 18:00:00,31.0,17.35,24.125002
2021-03-04 18:00:00,31.45,19.45,24.952085
2021-03-05 18:00:00,33.1,22.4,26.5
2021-03-06 18:00:00,32.35,19.85,25.731249
2021-03-07 18:00:00,31.8,21.7,25.806246
2021-03-08 18:00:00,31.3,21.8,25.564583
2021-03-09 18:00:00,32.35,22.3,26.564583
2021-03-10 18:00:00,32.2,22.0,26.577082
2021-03-11 18:00:00,32.55,21.55,26.856247
2021-03-12 18:00:00,32.9,21.2,26.258337
2021-03-13 18:00:00,30.8,19.3,24.591667
2021-03-14 18:00:00,31.7,19.05,25.106253
2021-03-15 18:00:00,32.85,21.05,26.385414
2021-03-16 18:00:00,33.85,18.45,26.377083
2021-03-17 18:00:00,33.35,19.25,26.75
2021-03-18 18:00:00,33.35,19.35,27.275
2021-03-19 18:00:00,34.55,20.0,28.570831
2021-03-20 18:00:00,35.1,23.1,28.997917
2021-03-21 18:00:00,35.45,22.3,28.408335
2021-03-22 18:00:00,35.45,21.2,28.670835
2021-03-23 18:00:00,35.45,23.35,29.477089
2021-03-24 18:00:00,36.3,22.45,29.724997
2021-03-25 18:00:00,35.3,21.25,28.577082
2021-03-26 18:00:00,35.9,20.1,28.106249
2021-03-27 18:00:00,35.7,19.75,28.068748
2021-03-28 18:00:00,34.3,21.5,28.010416
2021-03-29 18:00:00,36.95,24.4,29.241667
2021-03-30 18:00:00,37.7,25.55,30.193748
2021-03-31 18:00:00,36.75,25.4,30.420835
2021-04-01 18:00:00,34.55,25.25,28.964584
2021-04-02 18:00:00,35.8,23.45,28.70208
2021-04-03 18:00:00,34.9,23.05,28.418749
2021-04-04 18:00:00,34.95,21.5,28.431252
2021-04-05 18:00:00,34.65,20.95,27.77083
2021-04-06 18:00:00,34.85,22.8,28.804169
2021-04-07 18:00:00,34.3,23.7,28.652084
2021-04-08 18:00:00,34.05,24.45,28.954168
2021-04-09 18:00:00,34.25,22.8,28.318754
2021-04-10 18:00:00,36.2,24.2,29.745834
2021-04-11 18:00:00,35.3,25.9,30.120829
2021-04-12 18:00:00,35.85,25.45,30.00416
2021-04-13 18:00:00,37.65,24.7,29.929169
2021-04-14 18:00:00,35.4,25.35,29.972916
2021-04-15 18:00:00,35.4,25.05,29.279167
2021-04-16 18:00:00,33.3,23.65,28.079165
2021-04-17 18:00:00,33.8,24.35,28.637499
2021-04-18 18:00:00,36.25,25.4,30.060417
2021-04-19 18:00:00,37.75,25.35,31.027082
2021-04-20 18:00:00,36.6,25.1,30.63542
2021-04-21 18:00:00,33.7,25.1,28.324999
2021-04-22 18:00:00,34.25,23.3,28.1875
2021-04-23 18:00:00,36.3,22.35,29.88542
2021-04-24 18:00:00,38.15,23.8,31.13125
2021-04-25 18:00:00,38.6,25.45,31.925001
2021-04-26 18:00:00,37.95,25.8,31.650003
2021-04-27 18:00:00,37.8,26.85,31.866667
2021-04-28 18:00:00,37.45,26.8,31.704165
2021-04-29 18:00:00,36.6,25.7,31.147911
2021-04-30 18:00:00,36.1,25.7,30.610418
2021-05-01 18:00:00,35.05,26.0,29.929167
2021-05-02 18:00:00,30.5,23.65,27.877083
2021-05-03 18:00:00,30.0,24.8,26.758333
2021-05-04 18:00:00,30.85,23.8,27.097918
2021-05-05 18:00:00,31.5,23.65,27.099998
2021-05-06 18:00:00,32.7,24.15,27.772913
2021-05-07 18:00:00,30.9,24.0,27.331251
2021-05-08 18:00:00,31.95,24.15,27.706251
2021-05-09 18:00:00,31.2,23.1,27.729166
2021-05-10 18:00:00,31.35,22.6,26.714584
2021-05-11 18:00:00,30.6,23.3,26.768747
2021-05-12 18:00:00,30.9,23.5,26.750002
2021-05-13 18:00:00,30.65,23.95,27.068747
2021-05-14 18:00:00,34.5,25.7,29.422915
2021-05-15 18:00:00,33.6,26.35,29.775
2021-05-16 18:00:00,35.45,26.75,31.133331
2021-05-17 18:00:00,35.15,27.4,30.050001
2021-05-18 18:00:00,30.75,26.2,28.581247
2021-05-19 18:00:00,34.95,27.25,30.606253
2021-05-20 18:00:00,34.2,26.4,30.220833
2021-05-21 18:00:00,34.85,27.45,31.114584
2021-05-22 18:00:00,34.7,27.55,31.343752
2021-05-23 18:00:00,34.05,27.15,30.758337
2021-05-24 18:00:00,33.55,26.6,29.085417
2021-05-25 18:00:00,30.95,26.55,27.9125
2021-05-26 18:00:00,30.0,26.65,28.504168
2021-05-27 18:00:00,32.05,26.1,29.14583
2021-05-28 18:00:00,33.35,26.4,29.61667
2021-05-29 18:00:00,33.15,26.25,29.643751
2021-05-30 18:00:00,32.15,26.7,28.312502
2021-05-31 18:00:00,30.05,24.95,27.206251
2021-06-01 18:00:00,31.7,26.2,28.668749
2021-06-02 18:00:00,32.55,26.85,29.214582
2021-06-03 18:00:00,33.2,26.9,29.781248
2021-06-04 18:00:00,30.95,26.9,28.63125
2021-06-05 18:00:00,29.25,25.35,26.687502
2021-06-06 18:00:00,31.0,25.3,28.162498
2021-06-07 18:00:00,31.25,26.05,27.916664
2021-06-08 18:00:00,32.6,26.15,28.756254
2021-06-09 18:00:00,30.6,26.0,28.174997
2021-06-10 18:00:00,30.6,25.1,27.547913
2021-06-11 18:00:00,30.25,25.35,27.427084
2021-06-12 18:00:00,31.25,26.0,28.331247
2021-06-13 18:00:00,31.25,26.0,28.11875
2021-06-14 18:00:00,31.15,25.5,27.752083
2021-06-15 18:00:00,30.25,24.9,26.63125
2021-06-16 18:00:00,28.6,25.05,26.4375
2021-06-17 18:00:00,27.85,24.4,25.954168
2021-06-18 18:00:00,26.8,24.45,25.370832
2021-06-19 18:00:00,28.75,24.65,26.318748
2021-06-20 18:00:00,29.7,24.95,27.206253
2021-06-21 18:00:00,30.7,25.85,27.681252
2021-06-22 18:00:00,31.25,25.25,28.197916
2021-06-23 18:00:00,31.3,25.75,28.137499
2021-06-24 18:00:00,30.95,25.9,28.30625
2021-06-25 18:00:00,30.5,26.15,28.270834
2021-06-26 18:00:00,32.35,26.35,29.079165
2021-06-27 18:00:00,30.75,26.75,28.5375
2021-06-28 18:00:00,30.1,27.15,28.062502
2021-06-29 18:00:00,30.65,26.0,27.962502
2021-06-30 18:00:00,29.65,24.9,27.012499
2021-07-01 18:00:00,29.35,26.3,27.252085
2021-07-02 18:00:00,30.15,25.45,27.597918
2021-07-03 18:00:00,30.3,25.85,27.954168
2021-07-04 18:00:00,30.8,25.85,28.185417
2021-07-05 18:00:00,30.95,26.3,28.4125
2021-07-06 18:00:00,30.7,26.05,28.05208
2021-07-07 18:00:00,30.5,26.05,28.164583
2021-07-08 18:00:00,32.65,25.95,29.029165
2021-07-09 18:00:00,31.4,26.65,28.85
2021-07-10 18:00:00,32.15,26.9,29.370834
2021-07-11 18:00:00,32.85,25.95,29.349998
2021-07-12 18:00:00,31.95,26.85,28.797913
2021-07-13 18:00:00,31.85,25.85,28.55625
2021-07-14 18:00:00,31.8,26.35,29.047918
2021-07-15 18:00:00,32.7,26.9,29.500002
2021-07-16 18:00:00,30.05,27.25,28.529167
2021-07-17 18:00:00,32.8,26.35,28.970835
2021-07-18 18:00:00,31.65,27.15,28.652084
2021-07-19 18:00:00,29.8,25.55,27.458334
2021-07-20 18:00:00,32.0,26.35,28.925003
2021-07-21 18:00:00,33.05,26.35,29.468752
2021-07-22 18:00:00,29.65,26.0,27.579168
2021-07-23 18:00:00,28.35,25.2,26.770836
2021-07-24 18:00:00,31.7,26.25,28.616663
2021-07-25 18:00:00,32.2,26.2,28.468756
2021-07-26 18:00:00,33.05,26.45,28.950003
2021-07-27 18:00:00,31.3,25.75,27.741667
2021-07-28 18:00:00,28.55,25.55,26.433332
2021-07-29 18:00:00,29.5,25.5,26.98333
2021-07-30 18:00:00,30.15,25.65,27.489584
2021-07-31 18:00:00,30.1,25.5,27.6625
2021-08-01 18:00:00,29.85,26.0,27.347916
2021-08-02 18:00:00,30.85,25.45,27.804167
2021-08-03 18:00:00,32.15,25.8,28.168749
2021-08-04 18:00:00,32.95,25.95,29.427084
2021-08-05 18:00:00,31.65,26.25,28.63125
2021-08-06 18:00:00,29.45,25.25,27.075003
2021-08-07 18:00:00,29.95,25.4,27.433334
2021-08-08 18:00:00,31.0,26.25,28.379171
2021-08-09 18:00:00,31.95,26.7,28.85417
2021-08-10 18:00:00,31.85,26.5,28.797915
2021-08-11 18:00:00,31.45,27.1,28.922918
2021-08-12 18:00:00,29.2,26.2,27.658335
2021-08-13 18:00:00,30.65,26.0,28.062498
2021-08-14 18:00:00,32.1,26.85,29.083334
2021-08-15 18:00:00,30.0,26.65,27.837502
2021-08-16 18:00:00,29.15,25.6,26.912498
2021-08-17 18:00:00,28.35,25.45,26.779165
2021-08-18 18:00:00,29.2,25.55,26.764582
2021-08-19 18:00:00,29.45,25.35,27.108332
2021-08-20 18:00:00,31.65,25.6,28.043753
2021-08-21 18:00:00,32.4,25.55,28.877083
2021-08-22 18:00:00,31.9,26.6,29.06458
2021-08-23 18:00:00,31.8,26.2,28.622915
2021-08-24 18:00:00,31.2,26.75,28.570837
2021-08-25 18:00:00,31.3,26.35,27.96875
2021-08-26 18:00:00,32.25,25.75,28.185415
2021-08-27 18:00:00,31.5,25.95,28.372915
2021-08-28 18:00:00,30.3,25.95,27.772913
2021-08-29 18:00:00,29.8,25.6,27.731249
2021-08-30 18:00:00,31.95,25.9,28.464584
2021-08-31 18:00:00,31.65,26.45,28.585417
2021-09-01 18:00:00,32.2,26.55,28.650002
2021-09-02 18:00:00,31.95,25.85,29.033335
2021-09-03 18:00:00,33.0,26.25,29.797915
2021-09-04 18:00:00,32.4,26.65,29.481253
2021-09-05 18:00:00,32.75,25.95,29.025
2021-09-06 18:00:00,30.9,25.8,27.820831
2021-09-07 18:00:00,31.2,25.6,28.033333
2021-09-08 18:00:00,32.3,25.2,28.656248
2021-09-09 18:00:00,34.15,26.25,29.820833
2021-09-10 18:00:00,32.4,26.25,29.206255
2021-09-11 18:00:00,32.9,26.7,29.45833
2021-09-12 18:00:00,31.85,26.5,28.2125
2021-09-13 18:00:00,28.7,25.95,26.954168
2021-09-14 18:00:00,32.55,25.25,28.608332
2021-09-15 18:00:00,31.8,25.7,28.214579
2021-09-16 18:00:00,31.2,26.25,28.022917
2021-09-17 18:00:00,28.85,25.4,26.706247
2021-09-18 18:00:00,29.4,25.2,26.654167
2021-09-19 18:00:00,28.05,24.95,26.102083
2021-09-20 18:00:00,29.4,25.05,26.608335
2021-09-21 18:00:00,30.35,25.05,26.956251
2021-09-22 18:00:00,32.55,24.9,28.422915
2021-09-23 18:00:00,33.8,25.45,29.527084
2021-09-24 18:00:00,32.85,26.35,28.877083
2021-09-25 18:00:00,32.4,26.05,28.727083
2021-09-26 18:00:00,32.9,25.7,29.22917
2021-09-27 18:00:00,30.8,25.2,27.752083
2021-09-28 18:00:00,29.7,25.05,26.762499
2021-09-29 18:00:00,31.7,24.25,28.181253
2021-09-30 18:00:00,32.45,25.55,28.918753
2021-10-01 18:00:00,32.45,26.45,29.191668
2021-10-02 18:00:00,31.45,26.15,28.293747
2021-10-03 18:00:00,29.65,25.1,27.010416
2021-10-04 18:00:00,30.25,25.05,27.404167
2021-10-05 18:00:00,32.25,25.4,28.23542
2021-10-06 18:00:00,31.15,25.75,28.604166
2021-10-07 18:00:00,32.3,25.8,28.602083
2021-10-08 18:00:00,31.15,25.85,28.522917
2021-10-09 18:00:00,32.25,25.45,28.933332
2021-10-10 18:00:00,33.7,26.25,29.724998
2021-10-11 18:00:00,34.25,26.45,30.012499
2021-10-12 18:00:00,32.2,26.2,29.09375
2021-10-13 18:00:00,33.7,26.7,30.031252
2021-10-14 18:00:00,35.55,26.75,30.404167
2021-10-15 18:00:00,33.15,25.4,29.047915
2021-10-16 18:00:00,33.2,25.9,29.083336
2021-10-17 18:00:00,29.5,24.95,26.052086
2021-10-18 18:00:00,27.15,24.35,25.541666
2021-10-19 18:00:00,28.25,24.3,25.862501
2021-10-20 18:00:00,30.25,23.75,26.504168
2021-10-21 18:00:00,30.85,23.25,26.012499
2021-10-22 18:00:00,30.35,21.9,25.887499
2021-10-23 18:00:00,30.15,21.85,26.150002
2021-10-24 18:00:00,30.65,22.65,26.339584
2021-10-25 18:00:00,30.35,21.7,26.5
2021-10-26 18:00:00,30.7,22.4,26.28125
2021-10-27 18:00:00,29.2,23.4,26.112497
2021-10-28 18:00:00,31.45,23.15,26.99792
2021-10-29 18:00:00,32.05,22.55,26.860418
2021-10-30 18:00:00,30.75,21.95,25.887503
2021-10-31 18:00:00,29.7,20.25,24.706247
2021-11-01 18:00:00,29.2,18.7,24.275
2021-11-02 18:00:00,29.7,19.05,24.00625
2021-11-03 18:00:00,29.55,19.15,23.637499
2021-11-04 18:00:00,29.3,17.2,22.841667
2021-11-05 18:00:00,28.95,18.2,23.020834
2021-11-06 18:00:00,29.05,17.15,22.683334
2021-11-07 18:00:00,29.8,16.55,22.941668
2021-11-08 18:00:00,29.9,17.0,22.71875
2021-11-09 18:00:00,29.45,17.9,23.077085
2021-11-10 18:00:00,30.0,18.3,23.902082
2021-11-11 18:00:00,30.25,20.15,24.6875
2021-11-12 18:00:00,24.2,21.25,22.177084
2021-11-13 18:00:00,26.0,20.3,22.979166
2021-11-14 18:00:00,25.35,20.35,22.902084
2021-11-15 18:00:00,28.95,19.45,23.383331
2021-11-16 18:00:00,28.65,16.55,22.291664
2021-11-17 18:00:00,28.65,16.65,21.860415
2021-11-18 18:00:00,28.5,15.8,21.858332
2021-11-19 18:00:00,28.7,17.1,22.756248
2021-11-20 18:00:00,28.65,18.45,23.245832
2021-11-21 18:00:00,29.1,18.15,23.900002
2021-11-22 18:00:00,29.45,18.45,24.079165
2021-11-23 18:00:00,29.7,19.2,23.962502
2021-11-24 18:00:00,28.75,17.05,22.554167
2021-11-25 18:00:00,28.2,17.5,22.081251
2021-11-26 18:00:00,27.15,15.15,20.660418
2021-11-27 18:00:00,27.75,14.55,20.737501
2021-11-28 18:00:00,27.75,14.15,20.666666
2021-11-29 18:00:00,28.55,15.4,21.647913
2021-11-30 18:00:00,29.6,16.4,22.043753
2021-12-01 18:00:00,29.4,16.6,22.616663
2021-12-02 18:00:00,29.2,15.95,22.587502
2021-12-03 18:00:00,26.3,18.4,22.166666
2021-12-04 18:00:00,23.85,19.85,21.272917
2021-12-05 18:00:00,20.4,18.7,19.629164
2021-12-06 18:00:00,25.45,19.75,21.862497
2021-12-07 18:00:00,26.8,17.8,21.591667
2021-12-08 18:00:00,27.15,18.05,22.099998
2021-12-09 18:00:00,27.0,20.6,22.981253
2021-12-10 18:00:00,26.4,15.65,20.777082
2021-12-11 18:00:00,25.8,15.5,19.925001
2021-12-12 18:00:00,24.4,12.95,18.02083
2021-12-13 18:00:00,24.6,13.75,18.27917
2021-12-14 18:00:00,24.5,13.75,18.514584
2021-12-15 18:00:00,24.7,13.9,18.620832
2021-12-16 18:00:00,24.7,14.05,18.39375
2021-12-17 18:00:00,24.6,12.95,17.954165
2021-12-18 18:00:00,23.4,14.6,18.112501
2021-12-19 18:00:00,22.3,12.2,16.581247
2021-12-20 18:00:00,23.2,12.0,17.1875
2021-12-21 18:00:00,23.35,14.5,17.939583
2021-12-22 18:00:00,23.55,13.15,18.422916
2021-12-23 18:00:00,23.9,13.3,19.3
2021-12-24 18:00:00,24.25,13.3,18.65
2021-12-25 18:00:00,24.75,13.4,18.789585
2021-12-26 18:00:00,24.7,13.5,18.96667
2021-12-27 18:00:00,24.95,13.0,18.50208
2021-12-28 18:00:00,24.35,13.55,18.295832
2021-12-29 18:00:00,24.35,14.85,18.660418
2021-12-30 18:00:00,24.5,14.55,18.547916
2021-12-31 18:00:00,23.8,14.15,18.204165
2022-01-01 18:00:00,23.9,13.6,18.052082
2022-01-02 18:00:00,23.85,13.55,17.614584
2022-01-03 18:00:00,23.65,12.7,17.18125
2022-01-04 18:00:00,23.8,12.4,17.170835
2022-01-05 18:00:00,24.0,12.2,17.479166
2022-01-06 18:00:00,25.15,13.55,18.625
2022-01-07 18:00:00,25.85,14.3,19.152086
2022-01-08 18:00:00,26.1,13.95,19.239586
2022-01-09 18:00:00,26.3,14.45,19.789585
2022-01-10 18:00:00,25.7,15.8,20.722918
2022-01-11 18:00:00,23.9,17.5,20.327084
2022-01-12 18:00:00,24.4,15.9,19.6625
2022-01-13 18:00:00,22.15,15.9,18.293749
2022-01-14 18:00:00,23.15,15.05,17.979166
2022-01-15 18:00:00,22.9,13.5,17.095835
2022-01-16 18:00:00,23.65,12.3,17.054167
2022-01-17 18:00:00,23.75,13.05,17.529167
2022-01-18 18:00:00,23.5,14.0,17.779165
2022-01-19 18:00:00,22.55,13.15,17.0875
2022-01-20 18:00:00,23.2,13.0,17.658335
2022-01-21 18:00:00,21.7,13.15,18.141666
2022-01-22 18:00:00,22.6,13.75,18.25625
2022-01-23 18:00:00,20.65,16.1,18.412498
2022-01-24 18:00:00,23.45,13.6,18.670837
2022-01-25 18:00:00,24.25,14.95,18.725
2022-01-26 18:00:00,22.75,14.05,17.7875
2022-01-27 18:00:00,21.0,10.55,15.364582
2022-01-28 18:00:00,20.8,8.95,14.508332
2022-01-29 18:00:00,21.2,9.65,15.554166
2022-01-30 18:00:00,23.0,10.6,17.277082
2022-01-31 18:00:00,24.4,14.3,18.320833
2022-02-01 18:00:00,24.45,12.0,18.072916
2022-02-02 18:00:00,24.5,15.6,19.331247
2022-02-03 18:00:00,24.4,15.5,18.541666
2022-02-04 18:00:00,22.4,13.7,18.060417
2022-02-05 18:00:00,21.5,10.6,15.704166
2022-02-06 18:00:00,21.85,10.55,16.491669
2022-02-07 18:00:00,23.3,11.9,17.635416
2022-02-08 18:00:00,23.85,12.8,18.464582
2022-02-09 18:00:00,19.3,14.8,16.945833
2022-02-10 18:00:00,23.5,12.45,17.718748
2022-02-11 18:00:00,22.75,12.05,17.177086
2022-02-12 18:00:00,24.7,11.8,17.452082
2022-02-13 18:00:00,24.65,12.7,17.902082
2022-02-14 18:00:00,24.7,12.2,17.902082
2022-02-15 18:00:00,24.95,12.65,18.358335
2022-02-16 18:00:00,25.2,11.95,18.250002
2022-02-17 18:00:00,26.2,14.05,18.85
2022-02-18 18:00:00,26.05,12.1,18.572916
2022-02-19 18:00:00,26.8,12.95,18.758333
2022-02-20 18:00:00,26.0,15.2,19.610416
2022-02-21 18:00:00,26.6,13.7,19.945833
2022-02-22 18:00:00,27.1,16.55,21.943748
2022-02-23 18:00:00,28.5,15.8,22.260416
2022-02-24 18:00:00,27.65,17.75,21.595835
2022-02-25 18:00:00,27.9,17.5,22.016665
2022-02-26 18:00:00,28.3,15.75,21.683334
2022-02-27 18:00:00,28.5,18.35,22.760416
2022-02-28 18:00:00,28.85,17.7,23.149996
2022-03-01 18:00:00,28.75,16.75,22.660416
2022-03-02 18:00:00,28.95,15.15,22.016668
2022-03-03 18:00:00,28.95,15.35,22.716667
2022-03-04 18:00:00,30.45,18.25,23.800001
2022-03-05 18:00:00,30.2,16.05,22.837502
2022-03-06 18:00:00,31.85,17.65,24.008331
2022-03-07 18:00:00,32.2,18.35,24.510416
2022-03-08 18:00:00,31.95,18.1,24.522919
2022-03-09 18:00:00,31.75,18.05,24.231247
2022-03-10 18:00:00,31.4,16.45,23.495829
2022-03-11 18:00:00,31.5,18.1,24.041666
2022-03-12 18:00:00,31.55,17.6,23.97083
2022-03-13 18:00:00,32.6,18.25,24.604166
2022-03-14 18:00:00,33.15,19.15,25.452085
2022-03-15 18:00:00,33.65,19.45,26.9125
2022-03-16 18:00:00,34.3,20.9,27.102081
2022-03-17 18:00:00,34.25,19.85,27.018751
2022-03-18 18:00:00,34.3,19.3,27.347916
2022-03-19 18:00:00,34.45,20.2,26.739584
2022-03-20 18:00:00,33.4,20.9,27.12708
2022-03-21 18:00:00,34.55,22.0,27.860415
2022-03-22 18:00:00,35.25,21.25,28.402079
2022-03-23 18:00:00,35.9,23.95,29.147919
2022-03-24 18:00:00,35.0,23.65,27.20833
2022-03-25 18:00:00,33.0,24.4,27.302084
2022-03-26 18:00:00,31.15,24.35,27.177084
2022-03-27 18:00:00,34.55,23.5,28.129164
2022-03-28 18:00:00,33.5,24.15,27.429169
2022-03-29 18:00:00,33.55,24.4,27.524996
2022-03-30 18:00:00,33.2,24.15,28.0375
2022-03-31 18:00:00,34.6,24.65,28.795837
2022-04-01 18:00:00,32.95,25.1,28.27083
2022-04-02 18:00:00,32.85,24.3,28.216667
2022-04-03 18:00:00,34.95,25.6,29.341665
2022-04-04 18:00:00,34.3,24.4,28.845833
2022-04-05 18:00:00,34.95,24.7,28.858335
2022-04-06 18:00:00,33.75,23.9,28.800001
2022-04-07 18:00:00,35.15,24.35,29.30208
2022-04-08 18:00:00,35.6,23.9,29.014587
2022-04-09 18:00:00,34.35,23.7,28.545835
2022-04-10 18:00:00,34.7,23.05,27.824997
2022-04-11 18:00:00,33.6,23.65,28.664581
2022-04-12 18:00:00,33.45,24.55,28.589582
2022-04-13 18:00:00,35.0,25.65,29.216665
2022-04-14 18:00:00,35.4,26.0,29.362501
2022-04-15 18:00:00,34.7,22.45,28.9625
2022-04-16 18:00:00,34.65,24.85,28.954165
2022-04-17 18:00:00,33.1,22.75,27.097918
2022-04-18 18:00:00,32.75,23.45,27.887499
2022-04-19 18:00:00,28.1,22.65,24.952082
2022-04-20 18:00:00,30.45,21.75,25.714582
2022-04-21 18:00:00,28.15,22.25,25.183332
2022-04-22 18:00:00,33.85,24.0,28.314589
2022-04-23 18:00:00,35.05,25.55,29.689583
2022-04-24 18:00:00,35.45,25.45,29.59375
2022-04-25 18:00:00,34.6,25.75,29.935417
2022-04-26 18:00:00,34.75,25.05,29.943748
2022-04-27 18:00:00,34.05,25.4,29.904165
2022-04-28 18:00:00,34.7,26.0,29.783333
2022-04-29 18:00:00,33.5,23.25,27.960413
2022-04-30 18:00:00,32.95,22.35,27.425001
2022-05-01 18:00:00,31.3,23.25,27.120832
2022-05-02 18:00:00,30.2,22.0,25.320833
2022-05-03 18:00:00,29.9,21.6,25.116667
2022-05-04 18:00:00,29.25,22.45,25.760422
2022-05-05 18:00:00,31.0,24.05,27.129166
2022-05-06 18:00:00,31.85,24.4,28.51042
2022-05-07 18:00:00,32.95,24.85,29.035421
2022-05-08 18:00:00,28.0,25.15,26.672915
2022-05-09 18:00:00,28.7,24.75,25.90417
2022-05-10 18:00:00,30.4,25.4,26.712496
2022-05-11 18:00:00,30.75,25.55,27.485413
2022-05-12 18:00:00,30.95,26.1,27.887503
2022-05-13 18:00:00,33.85,27.2,29.675001
2022-05-14 18:00:00,33.7,27.25,30.183334
2022-05-15 18:00:00,33.9,26.65,30.00209
2022-05-16 18:00:00,33.55,24.75,29.16667
2022-05-17 18:00:00,31.1,26.95,28.827085
2022-05-18 18:00:00,33.35,26.95,29.49375
2022-05-19 18:00:00,30.8,26.0,28.564583
2022-05-20 18:00:00,33.9,24.2,28.475
2022-05-21 18:00:00,32.15,25.95,27.968744
2022-05-22 18:00:00,31.85,22.7,27.579165
2022-05-23 18:00:00,33.2,24.4,29.077087
2022-05-24 18:00:00,32.65,26.25,28.416666
2022-05-25 18:00:00,31.1,25.2,27.716667
2022-05-26 18:00:00,30.9,24.45,27.077085
2022-05-27 18:00:00,32.15,25.0,28.083334
2022-05-28 18:00:00,31.45,25.65,27.60417
2022-05-29 18:00:00,32.25,25.15,28.38542
2022-05-30 18:00:00,31.55,25.5,28.145836
2022-05-31 18:00:00,31.7,24.85,27.927088
2022-06-01 18:00:00,31.45,25.65,27.981253
2022-06-02 18:00:00,30.55,26.55,28.008333
2022-06-03 18:00:00,32.25,26.5,28.377085
2022-06-04 18:00:00,32.5,26.05,28.789583
2022-06-05 18:00:00,33.35,27.0,29.250006
2022-06-06 18:00:00,31.9,27.0,28.800001
2022-06-07 18:00:00,33.65,26.95,29.877083
2022-06-08 18:00:00,30.95,26.4,28.362505
2022-06-09 18:00:00,32.3,26.5,28.895834
2022-06-10 18:00:00,32.35,26.45,28.927084
2022-06-11 18:00:00,33.05,27.55,29.208336
2022-06-12 18:00:00,33.55,27.7,29.581247
2022-06-13 18:00:00,32.2,27.25,29.035418
2022-06-14 18:00:00,31.15,26.75,28.214582
2022-06-15 18:00:00,31.0,26.05,27.552084
2022-06-16 18:00:00,29.05,25.15,26.835417
2022-06-17 18:00:00,28.25,25.45,26.364584
2022-06-18 18:00:00,28.25,25.85,26.758331
2022-06-19 18:00:00,29.65,24.85,26.689583
2022-06-20 18:00:00,30.25,24.5,27.225004
2022-06-21 18:00:00,31.75,25.05,28.135416
2022-06-22 18:00:00,30.35,25.7,28.135414
2022-06-23 18:00:00,30.8,25.6,28.079165
2022-06-24 18:00:00,30.9,25.65,28.074997
2022-06-25 18:00:00,31.55,26.15,28.720833
2022-06-26 18:00:00,32.35,26.2,28.889582
2022-06-27 18:00:00,32.2,26.8,28.545835
2022-06-28 18:00:00,30.8,26.6,27.78125
2022-06-29 18:00:00,29.6,25.05,27.183332
2022-06-30 18:00:00,30.95,25.25,27.950003
2022-07-01 18:00:00,31.9,25.9,28.602081
2022-07-02 18:00:00,30.9,26.05,28.460417
2022-07-03 18:00:00,31.85,26.25,29.12708
2022-07-04 18:00:00,32.55,26.6,29.347918
2022-07-05 18:00:00,31.95,26.85,28.991669
2022-07-06 18:00:00,32.6,26.45,29.414583
2022-07-07 18:00:00,32.2,26.55,29.0375
2022-07-08 18:00:00,32.85,26.35,29.31042
2022-07-09 18:00:00,33.1,26.75,29.533335
2022-07-10 18:00:00,32.2,26.65,29.145836
2022-07-11 18:00:00,34.05,26.75,29.9625
2022-07-12 18:00:00,34.55,27.0,30.435423
2022-07-13 18:00:00,34.4,26.85,30.447916
2022-07-14 18:00:00,33.6,26.35,29.602087
2022-07-15 18:00:00,33.55,26.9,30.17083
2022-07-16 18:00:00,33.7,27.2,30.1875
2022-07-17 18:00:00,33.05,26.6,29.437498
2022-07-18 18:00:00,33.05,27.1,29.162504
2022-07-19 18:00:00,31.75,25.75,28.218756
2022-07-20 18:00:00,32.85,26.55,29.360418
2022-07-21 18:00:00,33.75,26.75,29.672915
2022-07-22 18:00:00,31.8,27.15,28.887499
2022-07-23 18:00:00,29.4,25.75,27.379168
2022-07-24 18:00:00,29.9,25.2,27.254164
2022-07-25 18:00:00,29.75,25.75,27.28125
2022-07-26 18:00:00,32.4,25.5,28.81458
2022-07-27 18:00:00,32.55,26.3,29.064583
2022-07-28 18:00:00,33.2,26.35,29.71667
2022-07-29 18:00:00,33.0,27.25,29.679163
2022-07-30 18:00:00,33.5,27.3,28.860415
2022-07-31 18:00:00,31.75,25.45,28.575003
2022-08-01 18:00:00,32.05,26.4,28.570831
2022-08-02 18:00:00,32.2,26.2,28.266665
2022-08-03 18:00:00,32.65,26.35,29.089586
2022-08-04 18:00:00,33.1,26.4,29.641665
2022-08-05 18:00:00,32.1,26.6,28.889585
2022-08-06 18:00:00,33.45,26.45,29.702082
2022-08-07 18:00:00,33.6,26.8,29.164583
2022-08-08 18:00:00,32.2,26.25,28.41667
2022-08-09 18:00:00,31.35,26.1,27.872917
2022-08-10 18:00:00,30.8,26.15,28.060411
2022-08-11 18:00:00,32.45,25.45,28.847918
2022-08-12 18:00:00,32.4,26.2,28.835419
2022-08-13 18:00:00,29.8,26.25,27.972916
2022-08-14 18:00:00,31.2,25.95,28.17708
2022-08-15 18:00:00,32.75,25.7,29.31875
2022-08-16 18:00:00,33.6,26.7,30.256248
2022-08-17 18:00:00,36.65,27.2,30.997917
2022-08-18 18:00:00,32.4,26.9,29.19375
2022-08-19 18:00:00,32.0,26.15,28.918753
2022-08-20 18:00:00,32.3,26.25,29.241669
2022-08-21 18:00:00,33.95,26.55,29.768745
2022-08-22 18:00:00,31.1,25.05,27.933334
2022-08-23 18:00:00,31.65,25.75,28.375
2022-08-24 18:00:00,32.4,25.1,28.747915
2022-08-25 18:00:00,33.2,26.6,29.73958
2022-08-26 18:00:00,32.1,27.05,28.977087
2022-08-27 18:00:00,31.5,26.4,28.164583
2022-08-28 18:00:00,32.8,25.9,29.237503
2022-08-29 18:00:00,33.9,26.55,30.068747
2022-08-30 18:00:00,33.95,27.1,30.218752
2022-08-31 18:00:00,33.0,27.1,29.61042
2022-09-01 18:00:00,33.25,26.1,29.041666
2022-09-02 18:00:00,32.25,26.75,28.933334
2022-09-03 18:00:00,31.35,25.05,27.69375
2022-09-04 18:00:00,31.75,26.3,27.816668
2022-09-05 18:00:00,31.45,26.2,28.366669
2022-09-06 18:00:00,33.35,26.4,29.766665
2022-09-07 18:00:00,33.65,27.4,30.21875
2022-09-08 18:00:00,33.75,26.6,29.656256
2022-09-09 18:00:00,31.35,25.95,28.197914
2022-09-10 18:00:00,28.35,24.7,26.110422
2022-09-11 18:00:00,27.0,24.45,25.233332
2022-09-12 18:00:00,26.75,24.15,25.006248
2022-09-13 18:00:00,25.75,23.9,24.872915
2022-09-14 18:00:00,30.35,23.95,26.820833
2022-09-15 18:00:00,29.9,24.2,26.879166
2022-09-16 18:00:00,31.85,25.25,28.137503
2022-09-17 18:00:00,32.1,25.8,28.4
2022-09-18 18:00:00,31.95,24.45,27.939589
2022-09-19 18:00:00,30.95,26.2,28.183336
2022-09-20 18:00:00,31.3,25.85,28.108332
2022-09-21 18:00:00,31.8,25.75,28.168747
2022-09-22 18:00:00,31.85,25.6,28.293749
2022-09-23 18:00:00,31.5,25.9,28.574997
2022-09-24 18:00:00,31.3,26.1,28.031252
2022-09-25 18:00:00,31.85,25.65,27.785418
2022-09-26 18:00:00,31.25,25.55,27.78125
2022-09-27 18:00:00,32.05,24.85,27.866667
2022-09-28 18:00:00,32.5,25.9,29.095833
2022-09-29 18:00:00,34.1,25.9,29.775002
2022-09-30 18:00:00,32.75,26.45,29.454168
2022-10-01 18:00:00,30.8,25.25,27.152082
2022-10-02 18:00:00,28.0,24.7,25.856249
2022-10-03 18:00:00,31.85,24.35,27.504166
2022-10-04 18:00:00,32.05,25.0,27.9
2022-10-05 18:00:00,31.3,25.3,27.5
2022-10-06 18:00:00,31.95,24.85,28.58542
2022-10-07 18:00:00,32.05,25.65,28.81458
2022-10-08 18:00:00,31.4,25.65,28.110418
2022-10-09 18:00:00,31.25,25.0,27.633331
2022-10-10 18:00:00,31.4,25.0,27.766668
2022-10-11 18:00:00,29.65,24.55,26.370834
2022-10-12 18:00:00,30.6,23.6,26.449999
2022-10-13 18:00:00,30.95,24.0,27.320833
2022-10-14 18:00:00,31.85,24.55,27.89167
2022-10-15 18:00:00,32.0,23.0,27.168753
2022-10-16 18:00:00,31.75,22.5,27.006248
2022-10-17 18:00:00,31.05,23.25,27.202085
2022-10-18 18:00:00,31.6,23.8,27.170832
2022-10-19 18:00:00,32.15,22.45,26.860418
2022-10-20 18:00:00,32.65,22.35,26.889587
2022-10-21 18:00:00,33.05,22.4,27.466661
2022-10-22 18:00:00,28.85,24.35,26.437502
2022-10-23 18:00:00,25.35,21.8,23.402082
2022-10-24 18:00:00,27.85,21.0,23.62292
2022-10-25 18:00:00,29.7,19.6,24.462502
2022-10-26 18:00:00,29.55,21.2,24.879168
2022-10-27 18:00:00,29.6,18.75,23.877083
2022-10-28 18:00:00,30.2,18.35,24.504166
2022-10-29 18:00:00,30.95,20.3,25.547915
2022-10-30 18:00:00,31.2,21.9,26.508333
2022-10-31 18:00:00,31.6,22.9,26.891668
2022-11-01 18:00:00,30.8,22.3,26.181246
2022-11-02 18:00:00,29.35,21.2,24.799997
2022-11-03 18:00:00,29.15,18.25,23.981247
2022-11-04 18:00:00,30.4,19.15,24.668753
2022-11-05 18:00:00,30.1,20.1,24.76667
2022-11-06 18:00:00,29.95,21.7,24.997917
2022-11-07 18:00:00,29.25,19.85,24.845833
2022-11-08 18:00:00,30.3,20.0,24.608335
2022-11-09 18:00:00,29.55,19.25,23.854164
2022-11-10 18:00:00,29.35,18.0,23.214582
2022-11-11 18:00:00,29.0,18.65,23.38125
2022-11-12 18:00:00,28.35,18.15,22.739586
2022-11-13 18:00:00,28.3,17.15,22.160416
2022-11-14 18:00:00,28.15,16.45,22.28125
2022-11-15 18:00:00,28.45,17.6,22.610415
2022-11-16 18:00:00,28.55,16.65,22.097916
2022-11-17 18:00:00,28.55,16.8,22.079168
2022-11-18 18:00:00,28.7,15.9,21.71667
2022-11-19 18:00:00,29.35,18.2,23.110418
2022-11-20 18:00:00,28.7,17.95,22.675001
2022-11-21 18:00:00,27.55,15.35,21.097916
2022-11-22 18:00:00,28.05,16.1,21.506248
2022-11-23 18:00:00,27.65,16.2,21.420835
2022-11-24 18:00:00,28.8,16.55,21.966665
2022-11-25 18:00:00,28.45,16.4,21.816668
2022-11-26 18:00:00,28.1,16.15,21.44375
2022-11-27 18:00:00,28.6,15.55,21.858335
2022-11-28 18:00:00,29.05,20.2,24.13125
2022-11-29 18:00:00,29.55,20.15,24.377083
2022-11-30 18:00:00,28.5,17.05,22.335419
2022-12-01 18:00:00,28.4,16.75,21.577082
2022-12-02 18:00:00,27.35,15.8,20.72917
2022-12-03 18:00:00,27.25,15.55,20.902082
2022-12-04 18:00:00,27.25,16.05,21.056252
2022-12-05 18:00:00,27.25,15.9,20.985416
2022-12-06 18:00:00,26.75,16.35,20.762499
2022-12-07 18:00:00,27.25,15.55,20.835415
2022-12-08 18:00:00,26.85,15.0,20.152084
2022-12-09 18:00:00,26.55,14.4,20.112501
2022-12-10 18:00:00,27.3,15.6,20.785414
2022-12-11 18:00:00,26.65,15.2,20.125002
2022-12-12 18:00:00,26.75,16.05,20.933332
2022-12-13 18:00:00,26.5,17.25,20.856249
2022-12-14 18:00:00,25.55,14.35,19.322916
2022-12-15 18:00:00,25.5,14.3,19.204168
2022-12-16 18:00:00,25.8,14.65,19.9
2022-12-17 18:00:00,26.45,13.4,18.939585
2022-12-18 18:00:00,24.95,11.65,18.695833
2022-12-19 18:00:00,26.15,13.2,19.512499
2022-12-20 18:00:00,26.3,14.6,19.856253
2022-12-21 18:00:00,25.75,14.95,19.7125
2022-12-22 18:00:00,25.25,14.0,18.860415
2022-12-23 18:00:00,24.85,12.4,18.179167
2022-12-24 18:00:00,26.35,14.55,20.052084
2022-12-25 18:00:00,27.0,15.55,21.143751
2022-12-26 18:00:00,24.8,16.85,20.147917
2022-12-27 18:00:00,24.6,14.5,19.027086
2022-12-28 18:00:00,23.1,11.5,16.754168
2022-12-29 18:00:00,22.65,11.4,17.137499
2022-12-30 18:00:00,23.0,10.9,17.52292
2022-12-31 18:00:00,23.75,11.9,17.320833
2023-01-01 18:00:00,24.4,12.45,17.558336
2023-01-02 18:00:00,23.5,11.85,17.277084
2023-01-03 18:00:00,23.4,13.25,17.324999
2023-01-04 18:00:00,22.75,12.3,16.675001
2023-01-05 18:00:00,22.75,12.0,16.331251
2023-01-06 18:00:00,23.0,10.8,16.295834
2023-01-07 18:00:00,24.8,12.3,17.68125
2023-01-08 18:00:00,25.25,12.95,18.3375
2023-01-09 18:00:00,24.65,12.8,18.097916
2023-01-10 18:00:00,23.4,12.05,16.708332
2023-01-11 18:00:00,22.5,9.8,15.1375
2023-01-12 18:00:00,24.1,10.1,16.795834
2023-01-13 18:00:00,25.35,14.2,19.241667
2023-01-14 18:00:00,25.2,15.05,19.475
2023-01-15 18:00:00,23.9,13.65,18.202084
2023-01-16 18:00:00,23.15,12.55,17.127083
2023-01-17 18:00:00,22.55,11.7,16.566664
2023-01-18 18:00:00,22.5,10.8,15.752084
2023-01-19 18:00:00,23.2,9.75,15.729165
2023-01-20 18:00:00,24.2,10.7,16.775
2023-01-21 18:00:00,25.35,11.85,18.310415
2023-01-22 18:00:00,26.5,13.8,19.74375
2023-01-23 18:00:00,26.8,14.85,20.19375
2023-01-24 18:00:00,27.0,14.6,20.454166
2023-01-25 18:00:00,27.5,15.85,21.116667
2023-01-26 18:00:00,27.1,16.1,20.937498
2023-01-27 18:00:00,27.05,16.6,20.831247
2023-01-28 18:00:00,26.2,14.8,19.804167
2023-01-29 18:00:00,26.4,13.6,19.2875
2023-01-30 18:00:00,26.5,14.6,20.383333
2023-01-31 18:00:00,24.0,18.95,20.914585
2023-02-01 18:00:00,24.9,13.75,18.725
2023-02-02 18:00:00,25.8,13.65,18.612501
2023-02-03 18:00:00,25.6,13.05,18.629168
2023-02-04 18:00:00,25.2,13.0,18.550001
2023-02-05 18:00:00,26.6,12.7,19.879168
2023-02-06 18:00:00,27.6,14.85,20.93958
2023-02-07 18:00:00,27.25,17.0,21.752085
2023-02-08 18:00:00,27.05,16.5,22.102081
2023-02-09 18:00:00,27.6,15.85,21.229166
2023-02-10 18:00:00,28.7,14.8,22.127083
2023-02-11 18:00:00,29.4,19.65,23.387499
2023-02-12 18:00:00,26.65,15.0,20.729164
2023-02-13 18:00:00,25.8,12.75,18.772915
2023-02-14 18:00:00,25.45,13.6,19.15
2023-02-15 18:00:00,26.75,13.5,20.339584
2023-02-16 18:00:00,27.65,14.45,21.566664
2023-02-17 18:00:00,27.6,16.95,23.054169
2023-02-18 18:00:00,28.45,18.25,22.956251
2023-02-19 18:00:00,28.5,17.8,23.191668
2023-02-20 18:00:00,29.45,19.5,24.056252
2023-02-21 18:00:00,31.0,21.35,25.325005
2023-02-22 18:00:00,31.2,21.15,25.193748
2023-02-23 18:00:00,30.6,20.3,24.881248
2023-02-24 18:00:00,30.5,19.25,23.866667
2023-02-25 18:00:00,30.55,15.85,23.460417
2023-02-26 18:00:00,31.05,17.65,24.050001
2023-02-27 18:00:00,30.85,17.6,23.65833
2023-02-28 18:00:00,30.75,17.0,23.931252
2023-03-01 18:00:00,31.55,16.85,24.722921
2023-03-02 18:00:00,32.35,17.55,24.460417
2023-03-03 18:00:00,31.8,18.6,25.335417
2023-03-04 18:00:00,32.0,18.2,25.420832
2023-03-05 18:00:00,31.95,19.3,25.670837
2023-03-06 18:00:00,32.35,19.75,26.072916
2023-03-07 18:00:00,31.8,18.55,24.458336
2023-03-08 18:00:00,32.55,19.3,25.277082
2023-03-09 18:00:00,31.8,20.65,25.483332
2023-03-10 18:00:00,31.15,19.5,24.964584
2023-03-11 18:00:00,33.75,20.0,25.999998
2023-03-12 18:00:00,33.6,19.55,26.333334
2023-03-13 18:00:00,32.5,19.75,25.950003
2023-03-14 18:00:00,31.15,20.75,24.597916
2023-03-15 18:00:00,29.25,18.65,23.085419
2023-03-16 18:00:00,29.6,19.35,24.337502
2023-03-17 18:00:00,29.15,19.2,23.720833
2023-03-18 18:00:00,26.2,20.1,22.195831
2023-03-19 18:00:00,27.0,18.9,21.885416
2023-03-20 18:00:00,24.4,18.95,21.320833
2023-03-21 18:00:00,26.95,18.3,22.06875
2023-03-22 18:00:00,29.55,19.35,23.933332
2023-03-23 18:00:00,30.35,19.25,24.427084
2023-03-24 18:00:00,30.1,20.3,24.999998
2023-03-25 18:00:00,32.05,21.2,25.862497
2023-03-26 18:00:00,30.85,23.5,26.127083
2023-03-27 18:00:00,32.75,21.65,26.535416
2023-03-28 18:00:00,30.75,21.15,25.495836
2023-03-29 18:00:00,31.9,22.05,25.612501
2023-03-30 18:00:00,27.95,20.35,23.914589
2023-03-31 18:00:00,26.1,21.05,23.170832
2023-04-01 18:00:00,29.5,20.7,24.454168
2023-04-02 18:00:00,31.3,20.45,25.420832
2023-04-03 18:00:00,32.6,21.75,26.38125
2023-04-04 18:00:00,33.05,23.25,27.2125
2023-04-05 18:00:00,33.45,21.95,26.906256
2023-04-06 18:00:00,34.15,21.15,27.660414
2023-04-07 18:00:00,35.15,21.9,28.650002
2023-04-08 18:00:00,35.7,22.35,29.741669
2023-04-09 18:00:00,35.95,22.35,29.435417
2023-04-10 18:00:00,36.7,23.95,29.92292
2023-04-11 18:00:00,36.9,21.95,29.241663
2023-04-12 18:00:00,39.0,21.95,30.23958
2023-04-13 18:00:00,38.55,24.2,31.216665
2023-04-14 18:00:00,39.25,25.05,31.89583
2023-04-15 18:00:00,39.95,25.3,32.21667
2023-04-16 18:00:00,38.55,26.5,30.73541
2023-04-17 18:00:00,38.7,26.2,30.547918
2023-04-18 18:00:00,36.15,26.4,30.925001
2023-04-19 18:00:00,36.7,25.45,29.600004
2023-04-20 18:00:00,34.85,22.7,27.522919
2023-04-21 18:00:00,32.6,23.4,26.568754
2023-04-22 18:00:00,31.6,23.2,26.641668
2023-04-23 18:00:00,32.3,21.25,26.402084
2023-04-24 18:00:00,32.8,22.05,27.658333
2023-04-25 18:00:00,34.8,23.95,29.589579
2023-04-26 18:00:00,35.95,23.7,29.331247
2023-04-27 18:00:00,34.1,22.25,28.543749
2023-04-28 18:00:00,36.1,24.4,29.018751
2023-04-29 18:00:00,35.1,23.8,28.789583
2023-04-30 18:00:00,33.15,24.25,27.831247
2023-05-01 18:00:00,33.55,24.15,28.806252
2023-05-02 18:00:00,32.8,24.85,28.139582
2023-05-03 18:00:00,30.95,22.95,27.10833
2023-05-04 18:00:00,31.65,23.0,27.268751
2023-05-05 18:00:00,35.1,23.75,28.868753
2023-05-06 18:00:00,36.0,24.6,30.287497
2023-05-07 18:00:00,38.25,25.75,31.599998
2023-05-08 18:00:00,39.65,25.95,32.07291
2023-05-09 18:00:00,39.35,26.05,31.214582
2023-05-10 18:00:00,38.6,26.0,32.485416
2023-05-11 18:00:00,37.7,26.5,31.787497
2023-05-12 18:00:00,37.35,26.85,31.441666
2023-05-13 18:00:00,31.95,25.65,28.241667
2023-05-14 18:00:00,34.2,22.85,27.985415
2023-05-15 18:00:00,36.5,24.85,29.822916
2023-05-16 18:00:00,34.95,26.0,28.435417
2023-05-17 18:00:00,32.7,23.55,27.9
2023-05-18 18:00:00,32.7,25.5,28.612501
2023-05-19 18:00:00,33.6,25.6,28.777084
2023-05-20 18:00:00,33.35,25.5,28.360418
2023-05-21 18:00:00,34.6,25.7,29.645834
2023-05-22 18:00:00,32.4,25.35,27.61875
2023-05-23 18:00:00,31.45,23.95,27.26042
2023-05-24 18:00:00,32.85,23.95,27.589584
2023-05-25 18:00:00,32.8,24.15,27.883333
2023-05-26 18:00:00,31.5,24.35,26.708334
2023-05-27 18:00:00,33.2,23.45,28.143751
2023-05-28 18:00:00,33.95,24.1,29.345835
2023-05-29 18:00:00,35.05,25.3,30.520834
2023-05-30 18:00:00,35.6,26.6,31.460419
2023-05-31 18:00:00,35.9,28.15,31.431252
2023-06-01 18:00:00,38.5,27.4,32.206245
2023-06-02 18:00:00,37.55,27.5,31.616667
2023-06-03 18:00:00,36.95,27.9,32.060417
2023-06-04 18:00:00,38.55,27.9,33.062496
2023-06-05 18:00:00,38.85,28.9,33.791668
2023-06-06 18:00:00,37.7,28.55,31.833336
2023-06-07 18:00:00,35.05,26.65,30.081247
2023-06-08 18:00:00,34.05,27.3,29.037498
2023-06-09 18:00:00,33.55,26.15,28.499998
2023-06-10 18:00:00,33.25,25.65,29.11875
2023-06-11 18:00:00,34.3,26.9,29.839584
2023-06-12 18:00:00,35.15,27.15,30.391665
2023-06-13 18:00:00,34.9,28.2,30.900002
2023-06-14 18:00:00,35.15,29.2,31.183334
2023-06-15 18:00:00,37.55,28.6,31.120834
2023-06-16 18:00:00,36.05,27.2,31.068748
2023-06-17 18:00:00,32.45,27.75,29.533333
2023-06-18 18:00:00,32.8,27.9,29.756247
2023-06-19 18:00:00,33.1,27.2,29.499998
2023-06-20 18:00:00,32.85,26.85,29.241669
2023-06-21 18:00:00,33.15,26.55,29.041666
2023-06-22 18:00:00,31.55,26.15,28.412498
2023-06-23 18:00:00,32.5,26.75,29.258337
2023-06-24 18:00:00,31.5,26.6,29.045832
2023-06-25 18:00:00,30.85,26.65,28.131248
2023-06-26 18:00:00,27.35,25.8,26.36458
2023-06-27 18:00:00,29.4,24.85,26.904165
2023-06-28 18:00:00,29.55,24.8,26.90417
2023-06-29 18:00:00,31.05,25.7,27.829165
2023-06-30 18:00:00,31.4,26.25,27.82292
2023-07-01 18:00:00,32.75,26.6,28.591665
2023-07-02 18:00:00,32.1,26.95,28.993746
2023-07-03 18:00:00,33.8,26.85,29.883333
2023-07-04 18:00:00,32.85,26.65,29.018751
2023-07-05 18:00:00,31.3,26.25,28.610415
2023-07-06 18:00:00,31.9,25.2,28.262499
2023-07-07 18:00:00,32.3,26.45,28.781248
2023-07-08 18:00:00,32.25,25.55,28.933334
2023-07-09 18:00:00,31.9,27.3,28.843748
2023-07-10 18:00:00,31.95,26.5,28.937502
2023-07-11 18:00:00,31.85,26.4,28.822914
2023-07-12 18:00:00,31.4,26.3,28.568748
2023-07-13 18:00:00,31.85,26.3,28.360415
2023-07-14 18:00:00,31.6,25.95,28.45833
2023-07-15 18:00:00,32.05,26.05,28.618752
2023-07-16 18:00:00,30.45,26.2,28.122917
2023-07-17 18:00:00,33.65,26.25,29.516668
2023-07-18 18:00:00,33.45,26.95,29.96667
2023-07-19 18:00:00,34.15,27.05,30.293747
2023-07-20 18:00:00,33.1,27.25,29.835419
2023-07-21 18:00:00,34.3,26.7,30.216667
2023-07-22 18:00:00,34.6,27.15,30.525002
2023-07-23 18:00:00,34.25,26.9,30.606253
2023-07-24 18:00:00,34.8,27.3,30.633337
2023-07-25 18:00:00,33.5,27.1,29.464582
2023-07-26 18:00:00,32.9,26.7,29.404161
2023-07-27 18:00:00,33.6,26.65,29.810417
2023-07-28 18:00:00,33.4,26.9,29.724997
2023-07-29 18:00:00,35.2,26.7,30.795832
2023-07-30 18:00:00,35.15,27.5,30.866667
2023-07-31 18:00:00,35.55,27.1,29.777084
2023-08-01 18:00:00,31.55,26.85,28.518747
2023-08-02 18:00:00,31.05,25.85,27.891663
2023-08-03 18:00:00,31.1,25.75,28.216665
2023-08-04 18:00:00,33.3,27.05,28.783335
2023-08-05 18:00:00,29.0,25.75,27.437502
2023-08-06 18:00:00,28.75,25.5,26.460419
2023-08-07 18:00:00,29.6,25.8,27.112497
2023-08-08 18:00:00,32.2,25.65,28.456255
2023-08-09 18:00:00,32.25,25.65,28.716665
2023-08-10 18:00:00,32.25,25.65,28.44375
2023-08-11 18:00:00,31.25,25.45,27.839584
2023-08-12 18:00:00,31.55,25.95,27.716667
2023-08-13 18:00:00,31.35,26.05,28.250002
2023-08-14 18:00:00,33.4,25.9,29.147913
2023-08-15 18:00:00,32.5,26.8,28.79792
2023-08-16 18:00:00,34.25,26.25,29.84375
2023-08-17 18:00:00,33.05,26.65,29.387497
2023-08-18 18:00:00,32.65,26.45,29.154167
2023-08-19 18:00:00,32.65,26.2,29.379168
2023-08-20 18:00:00,33.8,26.6,30.000002
2023-08-21 18:00:00,30.6,26.55,28.387497
2023-08-22 18:00:00,30.65,24.75,27.666666
2023-08-23 18:00:00,29.55,25.75,27.595835
2023-08-24 18:00:00,30.2,25.15,26.879168
2023-08-25 18:00:00,31.45,25.55,28.008333
2023-08-26 18:00:00,32.6,25.5,28.097914
2023-08-27 18:00:00,32.65,25.8,28.670835
2023-08-28 18:00:00,33.6,25.45,29.32917
2023-08-29 18:00:00,34.8,26.85,30.68125
2023-08-30 18:00:00,33.4,26.85,29.9
2023-08-31 18:00:00,33.1,26.6,29.562494
2023-09-01 18:00:00,31.55,26.7,29.275
2023-09-02 18:00:00,32.95,26.4,29.164583
2023-09-03 18:00:00,32.9,26.05,29.241667
2023-09-04 18:00:00,35.35,26.65,30.112505
2023-09-05 18:00:00,32.95,27.5,29.702087
2023-09-06 18:00:00,32.35,26.65,28.389582
2023-09-07 18:00:00,30.65,25.25,27.227081
2023-09-08 18:00:00,33.1,25.55,29.095833
2023-09-09 18:00:00,33.25,26.3,29.57917
2023-09-10 18:00:00,32.3,27.25,29.216673
2023-09-11 18:00:00,32.6,25.55,28.1625
2023-09-12 18:00:00,33.15,25.95,28.885416
2023-09-13 18:00:00,30.85,26.4,28.235415
2023-09-14 18:00:00,32.25,25.7,28.454163
2023-09-15 18:00:00,33.25,25.5,29.385414
2023-09-16 18:00:00,33.8,26.4,29.981247
2023-09-17 18:00:00,30.25,26.15,27.82708
2023-09-18 18:00:00,29.45,25.25,26.854164
2023-09-19 18:00:00,29.0,25.3,27.081253
2023-09-20 18:00:00,29.6,25.8,27.227083
2023-09-21 18:00:00,30.75,25.0,27.227081
2023-09-22 18:00:00,30.95,25.4,27.481249
2023-09-23 18:00:00,32.2,25.7,28.002083
2023-09-24 18:00:00,32.25,24.85,27.67708
2023-09-25 18:00:00,33.5,24.8,29.235418
2023-09-26 18:00:00,33.5,26.5,29.822916
2023-09-27 18:00:00,34.55,26.85,30.583334
2023-09-28 18:00:00,35.2,27.3,29.510416
2023-09-29 18:00:00,30.05,25.85,27.591667
2023-09-30 18:00:00,32.25,25.5,28.287498
2023-10-01 18:00:00,31.5,25.7,27.960413
2023-10-02 18:00:00,30.15,25.65,27.308332
2023-10-03 18:00:00,28.95,25.1,26.427086
2023-10-04 18:00:00,29.95,24.85,26.354166
2023-10-05 18:00:00,30.3,25.35,26.593748
2023-10-06 18:00:00,30.6,23.7,26.695833
2023-10-07 18:00:00,31.1,24.5,27.474997
2023-10-08 18:00:00,30.8,24.6,27.512497
2023-10-09 18:00:00,32.3,24.65,27.90625
2023-10-10 18:00:00,32.95,24.8,28.43958
2023-10-11 18:00:00,31.45,24.2,27.747917
2023-10-12 18:00:00,33.1,23.75,27.699999
2023-10-13 18:00:00,32.3,22.65,27.13125
2023-10-14 18:00:00,31.65,23.0,27.114584
2023-10-15 18:00:00,31.35,23.4,27.49375
2023-10-16 18:00:00,31.85,22.85,27.331251
2023-10-17 18:00:00,31.55,22.3,26.693748
2023-10-18 18:00:00,31.6,22.0,26.591665
2023-10-19 18:00:00,31.55,21.65,26.270834
2023-10-20 18:00:00,31.9,21.15,26.095833
2023-10-21 18:00:00,31.8,21.35,26.641668
2023-10-22 18:00:00,31.3,23.9,26.429163
2023-10-23 18:00:00,28.2,23.65,25.643751
2023-10-24 18:00:00,31.2,23.45,26.800001
2023-10-25 18:00:00,30.75,22.85,26.38125
2023-10-26 18:00:00,30.85,21.45,25.968752
2023-10-27 18:00:00,31.35,19.9,25.412497
2023-10-28 18:00:00,31.0,19.25,24.94375
2023-10-29 18:00:00,31.05,20.3,25.797918
2023-10-30 18:00:00,32.35,21.1,26.910416
2023-10-31 18:00:00,33.1,22.5,27.454165
2023-11-01 18:00:00,32.4,22.35,27.031248
2023-11-02 18:00:00,31.2,21.8,26.406256
2023-11-03 18:00:00,31.3,21.15,26.131248
2023-11-04 18:00:00,31.4,21.55,26.027079
2023-11-05 18:00:00,31.2,19.4,25.022917
2023-11-06 18:00:00,30.05,18.1,23.922915
2023-11-07 18:00:00,29.9,18.5,24.039583
2023-11-08 18:00:00,30.05,18.1,23.818748
2023-11-09 18:00:00,30.1,18.15,23.760416
2023-11-10 18:00:00,30.15,17.95,23.793753
2023-11-11 18:00:00,30.5,17.75,23.868752
2023-11-12 18:00:00,30.6,18.0,24.020836
2023-11-13 18:00:00,30.7,18.2,24.179169
2023-11-14 18:00:00,31.0,19.45,24.997915
2023-11-15 18:00:00,27.35,22.55,24.266668
2023-11-16 18:00:00,23.35,19.7,22.029167
2023-11-17 18:00:00,27.15,17.65,22.766665
2023-11-18 18:00:00,28.7,19.1,23.516668
2023-11-19 18:00:00,28.9,18.9,23.704168
2023-11-20 18:00:00,28.45,20.1,23.599998
2023-11-21 18:00:00,27.7,17.85,22.2875
2023-11-22 18:00:00,27.4,16.2,21.333332
2023-11-23 18:00:00,27.35,16.25,22.060417
2023-11-24 18:00:00,27.55,16.55,22.05208
2023-11-25 18:00:00,28.25,15.75,22.05625
2023-11-26 18:00:00,29.55,16.5,22.870832
2023-11-27 18:00:00,29.2,18.55,24.210417
2023-11-28 18:00:00,28.6,18.2,23.702082
2023-11-29 18:00:00,28.65,18.05,22.616667
2023-11-30 18:00:00,28.7,17.25,22.402082
2023-12-01 18:00:00,28.35,18.3,22.625
2023-12-02 18:00:00,28.95,17.95,22.645834
2023-12-03 18:00:00,26.85,17.95,22.170832
2023-12-04 18:00:00,23.4,21.45,22.139582
2023-12-05 18:00:00,25.85,20.45,22.691668
2023-12-06 18:00:00,21.35,19.8,20.260416
2023-12-07 18:00:00,25.4,17.8,21.004164
2023-12-08 18:00:00,25.65,16.3,20.558334
2023-12-09 18:00:00,25.35,15.2,19.574999
2023-12-10 18:00:00,24.9,13.65,18.758333
2023-12-11 18:00:00,24.6,14.95,19.50625
2023-12-12 18:00:00,24.7,14.3,18.995832
2023-12-13 18:00:00,23.9,11.75,17.49375
2023-12-14 18:00:00,24.2,12.35,17.652082
2023-12-15 18:00:00,24.5,13.95,18.314585
2023-12-16 18:00:00,24.6,13.35,18.187502
2023-12-17 18:00:00,24.4,13.75,18.18125
2023-12-18 18:00:00,24.45,14.3,18.489584
2023-12-19 18:00:00,25.0,13.85,18.627085
2023-12-20 18:00:00,25.65,13.65,19.075
2023-12-21 18:00:00,26.15,14.9,20.320831
2023-12-22 18:00:00,25.65,14.95,19.808334
2023-12-23 18:00:00,25.2,14.05,19.741669
2023-12-24 18:00:00,25.6,16.65,20.691664
2023-12-25 18:00:00,25.65,14.75,19.502083
2023-12-26 18:00:00,25.85,14.5,19.820833
2023-12-27 18:00:00,26.2,15.1,20.074999
2023-12-28 18:00:00,26.55,14.55,20.039583
2023-12-29 18:00:00,26.6,14.9,20.1125
2023-12-30 18:00:00,26.0,15.95,19.893751
2023-12-31 18:00:00,24.85,15.4,19.166668
2024-01-01 18:00:00,23.6,14.35,18.020832
2024-01-02 18:00:00,24.05,13.2,17.820833
2024-01-03 18:00:00,24.25,12.35,17.527082
2024-01-04 18:00:00,24.55,12.45,17.831251
2024-01-05 18:00:00,25.0,12.65,18.18125
2024-01-06 18:00:00,25.0,14.25,18.454168
2024-01-07 18:00:00,24.8,14.7,18.6625
2024-01-08 18:00:00,24.05,13.4,17.63125
2024-01-09 18:00:00,23.65,11.65,16.952082
2024-01-10 18:00:00,22.65,12.25,16.510418
2024-01-11 18:00:00,21.75,10.95,15.364585
2024-01-12 18:00:00,22.2,11.9,15.874999
2024-01-13 18:00:00,21.4,10.8,15.131249
2024-01-14 18:00:00,21.65,10.45,15.172917
2024-01-15 18:00:00,20.45,9.75,14.264583
2024-01-16 18:00:00,20.5,9.3,14.775001
2024-01-17 18:00:00,22.1,10.55,16.19375
2024-01-18 18:00:00,23.1,12.3,17.410418
2024-01-19 18:00:00,23.3,12.5,16.695833
2024-01-20 18:00:00,22.8,11.55,16.456251
2024-01-21 18:00:00,20.65,9.2,14.279166
2024-01-22 18:00:00,21.65,8.9,14.691667
2024-01-23 18:00:00,22.65,10.7,16.658335
2024-01-24 18:00:00,22.95,11.5,17.408333
2024-01-25 18:00:00,22.9,12.6,16.80625
2024-01-26 18:00:00,22.35,10.85,15.954165
2024-01-27 18:00:00,23.05,9.95,15.956249
2024-01-28 18:00:00,23.5,9.25,16.216665
2024-01-29 18:00:00,24.35,11.55,18.36875
2024-01-30 18:00:00,25.5,13.65,19.341665
2024-01-31 18:00:00,25.8,15.5,19.968748
2024-02-01 18:00:00,25.15,16.4,19.966665
2024-02-02 18:00:00,25.35,14.6,19.070833
2024-02-03 18:00:00,25.4,12.65,18.508335
2024-02-04 18:00:00,26.2,13.3,19.979166
2024-02-05 18:00:00,25.1,14.7,19.77083
2024-02-06 18:00:00,25.05,14.7,19.841665
2024-02-07 18:00:00,23.75,11.25,17.397917
2024-02-08 18:00:00,23.45,10.8,16.966665
2024-02-09 18:00:00,25.75,11.75,18.422915
2024-02-10 18:00:00,27.15,13.3,19.566668
2024-02-11 18:00:00,27.7,13.4,20.12292
2024-02-12 18:00:00,28.3,13.15,20.527082
2024-02-13 18:00:00,28.2,15.65,21.727083
2024-02-14 18:00:00,28.6,17.4,22.258333
2024-02-15 18:00:00,29.1,16.9,22.060415
2024-02-16 18:00:00,28.05,15.2,20.879164
2024-02-17 18:00:00,27.65,16.2,21.681252
2024-02-18 18:00:00,28.7,14.75,21.883333
2024-02-19 18:00:00,28.8,16.65,22.67083
2024-02-20 18:00:00,29.9,21.2,24.30625
2024-02-21 18:00:00,27.3,19.9,23.133337
2024-02-22 18:00:00,25.15,17.45,21.050001
2024-02-23 18:00:00,28.3,15.7,21.718748
2024-02-24 18:00:00,26.45,17.3,21.091667
2024-02-25 18:00:00,28.1,14.1,20.795835
2024-02-26 18:00:00,27.55,15.95,21.389582
2024-02-27 18:00:00,28.35,16.05,22.074999
2024-02-28 18:00:00,29.9,17.5,22.90833
2024-02-29 18:00:00,29.85,15.6,22.377083
2024-03-01 18:00:00,30.1,15.25,22.487501
2024-03-02 18:00:00,30.75,16.45,24.016665
2024-03-03 18:00:00,29.4,18.95,23.447914
2024-03-04 18:00:00,31.0,19.75,24.860418
2024-03-05 18:00:00,29.4,16.15,22.366669
2024-03-06 18:00:00,30.15,14.25,22.385416
2024-03-07 18:00:00,30.9,15.6,22.841667
2024-03-08 18:00:00,30.15,16.6,22.893751
2024-03-09 18:00:00,29.8,16.65,23.210419
2024-03-10 18:00:00,31.8,15.0,23.324999
2024-03-11 18:00:00,33.3,17.2,25.024996
2024-03-12 18:00:00,33.65,20.95,26.847918
2024-03-13 18:00:00,30.65,21.55,25.522917
2024-03-14 18:00:00,33.8,21.1,26.454165
2024-03-15 18:00:00,34.05,19.4,26.57292
2024-03-16 18:00:00,33.9,20.35,26.964584
2024-03-17 18:00:00,33.45,21.55,27.483332
2024-03-18 18:00:00,30.85,21.85,25.997917
2024-03-19 18:00:00,27.7,20.0,23.941668
2024-03-20 18:00:00,28.3,18.8,21.922915
2024-03-21 18:00:00,28.15,16.55,22.308332
2024-03-22 18:00:00,30.85,18.3,24.78125
2024-03-23 18:00:00,32.6,20.55,25.40625
2024-03-24 18:00:00,32.75,20.25,25.279167
2024-03-25 18:00:00,31.95,21.25,26.09583
2024-03-26 18:00:00,32.7,20.75,25.616667
2024-03-27 18:00:00,30.45,21.7,25.083334
2024-03-28 18:00:00,31.4,21.75,26.352087
2024-03-29 18:00:00,32.2,21.6,26.918753
2024-03-30 18:00:00,32.75,24.05,27.86875
2024-03-31 18:00:00,36.35,24.55,29.485415
2024-04-01 18:00:00,36.05,25.0,29.685415
2024-04-02 18:00:00,35.75,25.7,30.06458
2024-04-03 18:00:00,37.0,25.05,30.23542
2024-04-04 18:00:00,36.5,25.25,30.26042
2024-04-05 18:00:00,37.85,26.1,31.38542
2024-04-06 18:00:00,35.8,26.0,29.756248
2024-04-07 18:00:00,31.7,24.6,28.004166
2024-04-08 18:00:00,34.75,21.55,28.293749
2024-04-09 18:00:00,35.7,21.3,29.045837
2024-04-10 18:00:00,34.5,22.35,27.5625
2024-04-11 18:00:00,35.7,24.25,29.55208
2024-04-12 18:00:00,36.25,23.3,29.060417
2024-04-13 18:00:00,35.4,22.25,28.710417
2024-04-14 18:00:00,36.95,23.3,30.560415
2024-04-15 18:00:00,36.05,24.8,30.05625
2024-04-16 18:00:00,36.65,26.1,30.30417
2024-04-17 18:00:00,36.95,25.7,30.099998
2024-04-18 18:00:00,39.0,25.95,31.583334
2024-04-19 18:00:00,39.8,26.5,32.191666
2024-04-20 18:00:00,38.75,27.05,32.045834
2024-04-21 18:00:00,38.85,26.9,31.918749
2024-04-22 18:00:00,37.7,26.0,31.637497
2024-04-23 18:00:00,38.2,26.65,32.172916
2024-04-24 18:00:00,39.0,26.0,32.208332
2024-04-25 18:00:00,39.6,26.5,32.141666
2024-04-26 18:00:00,39.2,26.85,32.383335
2024-04-27 18:00:00,39.05,27.2,32.556248
2024-04-28 18:00:00,40.85,28.05,33.622917
2024-04-29 18:00:00,40.85,27.75,33.135418
2024-04-30 18:00:00,40.1,28.15,33.404163
2024-05-01 18:00:00,34.85,27.2,29.652086
2024-05-02 18:00:00,37.75,26.3,30.77292
2024-05-03 18:00:00,37.3,25.8,31.285418
2024-05-04 18:00:00,35.7,22.25,27.747917
2024-05-05 18:00:00,29.7,21.6,25.647919
2024-05-06 18:00:00,32.75,23.75,27.366667
2024-05-07 18:00:00,29.55,23.3,25.866667
2024-05-08 18:00:00,31.85,23.4,27.639582
2024-05-09 18:00:00,32.75,24.1,27.633333
2024-05-10 18:00:00,33.4,23.15,27.679167
2024-05-11 18:00:00,33.55,24.05,28.764582
2024-05-12 18:00:00,34.2,24.7,29.839584
2024-05-13 18:00:00,35.4,25.9,30.772919
2024-05-14 18:00:00,37.15,27.0,32.22708
2024-05-15 18:00:00,38.55,27.1,32.92917
2024-05-16 18:00:00,40.15,27.85,33.556248
2024-05-17 18:00:00,38.25,28.8,32.133335
2024-05-18 18:00:00,34.2,27.2,29.92708
2024-05-19 18:00:00,33.0,25.8,28.495834
2024-05-20 18:00:00,33.85,24.9,29.495834
2024-05-21 18:00:00,34.7,26.65,29.870832
2024-05-22 18:00:00,36.4,26.3,31.410418
2024-05-23 18:00:00,37.45,27.1,32.435417
2024-05-24 18:00:00,38.4,28.6,33.177082
2024-05-25 18:00:00,36.6,27.7,30.385416
2024-05-26 18:00:00,27.45,25.95,26.695833
2024-05-27 18:00:00,32.4,25.15,28.356247
2024-05-28 18:00:00,35.2,28.8,31.612501
2024-05-29 18:00:00,34.8,25.8,30.604164
2024-05-30 18:00:00,35.1,27.95,31.043749
2024-05-31 18:00:00,33.75,27.05,30.049997
2024-06-01 18:00:00,33.5,27.5,30.058334
2024-06-02 18:00:00,32.65,27.55,29.406248
2024-06-03 18:00:00,33.4,27.25,29.318748
2024-06-04 18:00:00,34.35,27.1,30.0625
2024-06-05 18:00:00,35.2,27.35,29.40417
2024-06-06 18:00:00,33.95,26.55,29.839582
2024-06-07 18:00:00,36.05,24.75,30.320831
2024-06-08 18:00:00,35.55,27.65,30.420835
2024-06-09 18:00:00,35.9,27.9,31.529165
2024-06-10 18:00:00,35.3,27.85,31.262499
2024-06-11 18:00:00,34.1,27.6,30.387499
2024-06-12 18:00:00,33.65,28.0,29.802084
2024-06-13 18:00:00,34.05,27.35,29.687498
2024-06-14 18:00:00,34.7,28.25,30.937502
2024-06-15 18:00:00,34.45,28.1,30.014585
2024-06-16 18:00:00,33.25,28.55,30.333338
2024-06-17 18:00:00,31.65,25.9,29.066673
2024-06-18 18:00:00,31.15,25.95,27.76667
2024-06-19 18:00:00,32.0,26.3,28.252085
2024-06-20 18:00:00,32.9,25.25,28.960413
2024-06-21 18:00:00,32.35,26.45,29.20833
2024-06-22 18:00:00,33.4,26.75,29.643747
2024-06-23 18:00:00,33.45,26.9,30.01042
2024-06-24 18:00:00,33.15,27.5,30.043747
2024-06-25 18:00:00,32.6,27.45,29.279167
2024-06-26 18:00:00,32.0,27.25,29.3125
2024-06-27 18:00:00,31.55,26.75,28.685417
2024-06-28 18:00:00,31.1,26.8,28.731249
2024-06-29 18:00:00,30.45,25.75,27.827085
2024-06-30 18:00:00,28.35,26.2,27.108335
2024-07-01 18:00:00,30.7,25.5,27.235418
2024-07-02 18:00:00,30.8,25.55,27.495834
2024-07-03 18:00:00,30.2,25.9,27.406252
2024-07-04 18:00:00,31.4,25.6,27.933334
2024-07-05 18:00:00,31.75,25.95,28.474998
2024-07-06 18:00:00,32.65,25.95,28.995836
2024-07-07 18:00:00,32.3,26.35,28.90416
2024-07-08 18:00:00,31.8,26.35,28.629164
2024-07-09 18:00:00,31.25,26.6,28.633331
2024-07-10 18:00:00,32.2,26.65,28.487501
2024-07-11 18:00:00,31.8,25.8,27.739584
2024-07-12 18:00:00,32.4,25.7,28.98958
2024-07-13 18:00:00,33.85,26.25,29.395836
2024-07-14 18:00:00,33.3,26.9,29.845835
2024-07-15 18:00:00,32.2,27.55,29.210413
2024-07-16 18:00:00,33.75,26.8,29.979166
2024-07-17 18:00:00,34.95,26.95,30.425003
2024-07-18 18:00:00,33.65,27.35,30.154165
2024-07-19 18:00:00,32.9,27.55,29.731249
2024-07-20 18:00:00,32.5,27.0,29.0625
2024-07-21 18:00:00,30.75,26.45,27.804169
2024-07-22 18:00:00,32.05,25.95,28.824999
2024-07-23 18:00:00,32.55,26.25,29.043753
2024-07-24 18:00:00,33.6,26.35,29.518751
2024-07-25 18:00:00,33.15,27.05,29.722914
2024-07-26 18:00:00,33.1,27.0,29.67083
2024-07-27 18:00:00,33.95,27.0,29.829163
2024-07-28 18:00:00,32.7,27.3,29.502085
2024-07-29 18:00:00,32.9,26.05,28.893747
2024-07-30 18:00:00,32.1,26.45,28.395836
2024-07-31 18:00:00,28.0,25.7,26.631247
2024-08-01 18:00:00,28.05,25.05,25.818748
2024-08-02 18:00:00,30.15,24.9,26.866661
2024-08-03 18:00:00,31.4,24.6,27.435417
2024-08-04 18:00:00,32.6,25.85,28.24792
2024-08-05 18:00:00,31.85,25.7,28.1875
2024-08-06 18:00:00,30.5,25.85,27.885416
2024-08-07 18:00:00,31.15,25.55,27.504166
2024-08-08 18:00:00,30.7,24.75,27.100004
2024-08-09 18:00:00,30.75,25.2,27.629166
2024-08-10 18:00:00,30.45,25.85,27.754166
2024-08-11 18:00:00,31.2,25.85,28.058336
2024-08-12 18:00:00,32.55,25.45,28.65
2024-08-13 18:00:00,32.8,26.15,28.902086
2024-08-14 18:00:00,32.8,26.15,28.877083
2024-08-15 18:00:00,31.15,26.2,28.108335
2024-08-16 18:00:00,30.25,25.6,27.504166
2024-08-17 18:00:00,30.8,25.2,27.185417
2024-08-18 18:00:00,28.05,24.85,25.695831
2024-08-19 18:00:00,30.4,24.25,26.504166
2024-08-20 18:00:00,29.45,24.75,26.289581
2024-08-21 18:00:00,30.0,24.95,26.458334
2024-08-22 18:00:00,30.0,24.65,26.691666
2024-08-23 18:00:00,31.4,25.1,27.577082
2024-08-24 18:00:00,29.05,24.15,26.339582
2024-08-25 18:00:00,29.1,24.75,26.200003
2024-08-26 18:00:00,31.05,25.05,27.093752
2024-08-27 18:00:00,31.5,24.95,27.935415
2024-08-28 18:00:00,33.4,25.35,29.010416
2024-08-29 18:00:00,33.25,26.1,29.43958
2024-08-30 18:00:00,32.7,26.3,29.202085
2024-08-31 18:00:00,31.6,26.25,28.01667
2024-09-01 18:00:00,32.9,26.15,28.752083
2024-09-02 18:00:00,31.5,26.25,27.943748
2024-09-03 18:00:00,32.4,25.5,28.802084
2024-09-04 18:00:00,32.2,25.65,28.677084
2024-09-05 18:00:00,33.0,25.75,29.029167
2024-09-06 18:00:00,33.3,25.9,29.283335
2024-09-07 18:00:00,33.1,26.7,29.366669
2024-09-08 18:00:00,32.5,26.35,29.347918
2024-09-09 18:00:00,31.15,26.7,28.537498
2024-09-10 18:00:00,32.35,26.3,28.95833
2024-09-11 18:00:00,34.1,26.8,29.843752
2024-09-12 18:00:00,32.75,26.05,29.302086
2024-09-13 18:00:00,27.15,25.1,25.76458
2024-09-14 18:00:00,26.55,24.95,25.527086
2024-09-15 18:00:00,32.2,24.55,27.31875
2024-09-16 18:00:00,32.75,25.5,28.645834
2024-09-17 18:00:00,34.05,25.7,29.847918
2024-09-18 18:00:00,34.25,27.1,30.522917
2024-09-19 18:00:00,35.35,27.3,31.15833
2024-09-20 18:00:00,35.55,26.15,30.733337
2024-09-21 18:00:00,34.55,27.55,30.785414
2024-09-22 18:00:00,34.55,27.8,30.6625
2024-09-23 18:00:00,31.85,26.0,28.468756
2024-09-24 18:00:00,28.1,24.4,26.100004
2024-09-25 18:00:00,29.15,24.6,26.316668
2024-09-26 18:00:00,31.9,24.65,27.23958
2024-09-27 18:00:00,31.95,25.25,27.700003
2024-09-28 18:00:00,31.55,25.55,28.218748
2024-09-29 18:00:00,32.05,25.95,28.860415
2024-09-30 18:00:00,32.55,25.65,28.439585
2024-10-01 18:00:00,32.2,24.7,27.6875
2024-10-02 18:00:00,26.8,25.15,25.793749
2024-10-03 18:00:00,30.15,24.35,26.435417
2024-10-04 18:00:00,27.95,24.0,25.331251
2024-10-05 18:00:00,31.2,24.5,27.279165
2024-10-06 18:00:00,30.5,24.5,27.01042
2024-10-07 18:00:00,31.65,24.55,27.358335
2024-10-08 18:00:00,31.05,23.85,26.81875
2024-10-09 18:00:00,29.65,24.05,26.547918
2024-10-10 18:00:00,31.65,23.55,27.175001
2024-10-11 18:00:00,31.1,24.2,27.0625
2024-10-12 18:00:00,32.35,23.75,27.804167
2024-10-13 18:00:00,32.05,23.25,27.487501
2024-10-14 18:00:00,31.3,23.5,27.304167
2024-10-15 18:00:00,31.6,23.9,27.902082
2024-10-16 18:00:00,30.8,24.2,26.972916
2024-10-17 18:00:00,29.35,23.2,25.883333
2024-10-18 18:00:00,30.4,23.2,26.51458
2024-10-19 18:00:00,30.75,21.75,26.208334
2024-10-20 18:00:00,30.85,21.1,26.245829
2024-10-21 18:00:00,32.65,22.6,27.720833
2024-10-22 18:00:00,29.6,25.15,26.720835
2024-10-23 18:00:00,28.05,23.65,25.233335
2024-10-24 18:00:00,30.4,22.8,26.137497
2024-10-25 18:00:00,29.9,24.1,26.185415
2024-10-26 18:00:00,31.45,22.95,27.26042
2024-10-27 18:00:00,31.45,23.5,27.09167
2024-10-28 18:00:00,31.65,24.05,27.387499
2024-10-29 18:00:00,31.25,24.25,27.283333
2024-10-30 18:00:00,30.4,24.0,26.766665
2024-10-31 18:00:00,31.95,23.5,27.166672
2024-11-01 18:00:00,30.95,21.95,26.27083
2024-11-02 18:00:00,31.35,21.1,26.21875
2024-11-03 18:00:00,31.15,20.9,25.9625
2024-11-04 18:00:00,30.6,21.85,26.043749
2024-11-05 18:00:00,29.8,20.8,25.0
2024-11-06 18:00:00,30.35,20.8,25.237501
2024-11-07 18:00:00,30.7,21.15,25.27083
2024-11-08 18:00:00,30.3,20.15,24.606249
2024-11-09 18:00:00,30.55,19.15,24.7875
2024-11-10 18:00:00,31.1,19.9,25.522919
2024-11-11 18:00:00,30.65,20.8,25.639587
2024-11-12 18:00:00,31.0,21.5,25.714584
2024-11-13 18:00:00,30.65,20.85,25.289583
2024-11-14 18:00:00,30.05,20.35,24.727083
2024-11-15 18:00:00,29.55,19.7,23.902082
2024-11-16 18:00:00,28.35,18.65,23.043749
2024-11-17 18:00:00,28.15,17.4,22.654167
2024-11-18 18:00:00,28.65,17.6,22.96875
2024-11-19 18:00:00,28.4,17.25,22.78958
2024-11-20 18:00:00,28.75,17.35,22.672918
2024-11-21 18:00:00,28.35,20.0,23.4375
2024-11-22 18:00:00,28.6,18.95,23.304167
2024-11-23 18:00:00,28.05,18.8,22.987501
2024-11-24 18:00:00,27.9,17.5,22.464584
2024-11-25 18:00:00,27.75,17.1,22.14167
2024-11-26 18:00:00,27.75,17.0,22.525002
2024-11-27 18:00:00,28.65,18.05,23.233332
2024-11-28 18:00:00,30.05,19.0,24.15625
2024-11-29 18:00:00,28.5,21.25,23.981253
2024-11-30 18:00:00,28.6,20.5,23.797915
2024-12-01 18:00:00,27.65,19.2,23.077082
2024-12-02 18:00:00,27.8,18.3,22.612497
2024-12-03 18:00:00,28.1,17.45,22.377085
2024-12-04 18:00:00,27.85,16.75,22.147917
2024-12-05 18:00:00,26.6,16.95,21.297918
2024-12-06 18:00:00,26.2,15.6,20.3375
2024-12-07 18:00:00,26.1,14.7,20.045834
2024-12-08 18:00:00,26.35,14.7,20.289583
2024-12-09 18:00:00,25.9,15.95,20.56458
2024-12-10 18:00:00,25.35,15.55,19.862497
2024-12-11 18:00:00,24.85,14.1,19.047918
2024-12-12 18:00:00,25.0,14.5,19.339582
2024-12-13 18:00:00,25.0,14.45,19.318747
2024-12-14 18:00:00,25.55,14.35,19.283333
2024-12-15 18:00:00,26.55,12.4,19.360415
2024-12-16 18:00:00,27.7,14.6,20.69375
2024-12-17 18:00:00,25.95,16.55,20.993753
2024-12-18 18:00:00,26.2,14.9,20.295832
2024-12-19 18:00:00,26.25,15.05,20.379168
2024-12-20 18:00:00,21.8,17.4,19.493748
2024-12-21 18:00:00,25.55,15.1,19.716665
2024-12-22 18:00:00,26.4,14.7,19.897917
2024-12-23 18:00:00,26.0,14.4,20.1375
2024-12-24 18:00:00,26.65,15.55,20.8375
2024-12-25 18:00:00,27.7,17.0,21.739584
2024-12-26 18:00:00,26.4,16.05,20.956251
2024-12-27 18:00:00,27.05,14.7,20.762499
2024-12-28 18:00:00,26.65,15.75,21.07292
2024-12-29 18:00:00,26.8,16.75,21.40625
2024-12-30 18:00:00,24.65,15.55,19.889584
